file_id,source,primary_profile_viz,umap_1,umap_2
乔迅（Jonathan Hay）_清初中国的绘画与现代性\1.1_石涛画像.txt,human_expert,Comprehensive Analyst,22.581146,-1.8974583
乔迅（Jonathan Hay）_清初中国的绘画与现代性\1.2_1700年左右的扬州.txt,human_expert,General Descriptive Profile,-12.644011,-5.060599
乔迅（Jonathan Hay）_清初中国的绘画与现代性\1.3_江南的绘画与现代性.txt,human_expert,Comprehensive Analyst,22.58184,-2.1648338
乔迅（Jonathan Hay）_清初中国的绘画与现代性\1.4_现代性地理志.txt,human_expert,Historically Focused,-5.845605,3.9238873
乔迅（Jonathan Hay）_清初中国的绘画与现代性\10.1_画家的欲望.txt,human_expert,General Descriptive Profile,-13.020883,-5.445282
乔迅（Jonathan Hay）_清初中国的绘画与现代性\10.2_属于自己的时刻.txt,human_expert,Historically Focused,-4.2728043,6.0540924
乔迅（Jonathan Hay）_清初中国的绘画与现代性\10.3_大限.txt,human_expert,Comprehensive Analyst,7.931138,4.9747486
乔迅（Jonathan Hay）_清初中国的绘画与现代性\2.1_山水中的人物.txt,human_expert,Theory & Comparison Focused,0.30117795,-1.8457046
乔迅（Jonathan Hay）_清初中国的绘画与现代性\2.2_自传式的指涉.txt,human_expert,Comprehensive Analyst,22.410713,-1.4729073
乔迅（Jonathan Hay）_清初中国的绘画与现代性\2.3_休闲及其寂静.txt,human_expert,Theory & Comparison Focused,1.5701127,-1.6086645
乔迅（Jonathan Hay）_清初中国的绘画与现代性\2.4_朝代转换之间的野逸.txt,human_expert,Theory & Comparison Focused,0.27440548,-1.8513092
乔迅（Jonathan Hay）_清初中国的绘画与现代性\2.5_模棱两可的士人.txt,human_expert,Comprehensive Analyst,8.569437,9.768325
乔迅（Jonathan Hay）_清初中国的绘画与现代性\2.6_文人生活的场景营造.txt,human_expert,Historically Focused,-4.136106,6.337891
乔迅（Jonathan Hay）_清初中国的绘画与现代性\3.1_感时论世的对话空间.txt,human_expert,Historically Focused,0.19161145,-1.7427781
乔迅（Jonathan Hay）_清初中国的绘画与现代性\3.2_费氏先莹.txt,human_expert,Comprehensive Analyst,22.10259,-0.42868367
乔迅（Jonathan Hay）_清初中国的绘画与现代性\3.3_黄又的游旅.txt,human_expert,Comprehensive Analyst,7.8496165,5.182167
乔迅（Jonathan Hay）_清初中国的绘画与现代性\3.4_1705年的洪水.txt,human_expert,General Descriptive Profile,-13.01704,-5.3149595
乔迅（Jonathan Hay）_清初中国的绘画与现代性\4.1_追溯石涛早年至1692年的人生历程.txt,human_expert,General Descriptive Profile,-12.892953,-5.453706
乔迅（Jonathan Hay）_清初中国的绘画与现代性\4.2_从清湘到宣城.txt,human_expert,General Descriptive Profile,-12.835506,-5.1531954
乔迅（Jonathan Hay）_清初中国的绘画与现代性\4.3_从宣城到北京.txt,human_expert,Comprehensive Analyst,22.198748,-0.54198587
乔迅（Jonathan Hay）_清初中国的绘画与现代性\4.4_自传式的艺术形态.txt,human_expert,Comprehensive Analyst,22.681211,-2.0718594
乔迅（Jonathan Hay）_清初中国的绘画与现代性\5.1_扬州及邻近区域.txt,human_expert,Comprehensive Analyst,20.312788,1.363206
乔迅（Jonathan Hay）_清初中国的绘画与现代性\5.2_石涛与八大山人.txt,human_expert,Historically Focused,-5.9538817,3.8453755
乔迅（Jonathan Hay）_清初中国的绘画与现代性\5.3_靖江后人.txt,human_expert,Historically Focused,-5.071756,4.2369456
乔迅（Jonathan Hay）_清初中国的绘画与现代性\5.4_宗室遗孤.txt,human_expert,Comprehensive Analyst,7.3784766,3.895366
乔迅（Jonathan Hay）_清初中国的绘画与现代性\6.1_职业画僧.txt,human_expert,Historically Focused,-4.2288566,6.1409907
乔迅（Jonathan Hay）_清初中国的绘画与现代性\6.2_清初的职业文人.txt,human_expert,Historically Focused,-4.6209474,5.127401
乔迅（Jonathan Hay）_清初中国的绘画与现代性\6.3_画家与赞助人.txt,human_expert,Comprehensive Analyst,22.639978,-1.9145203
乔迅（Jonathan Hay）_清初中国的绘画与现代性\6.4_生产策略.txt,human_expert,Comprehensive Analyst,21.96433,-0.20967187
乔迅（Jonathan Hay）_清初中国的绘画与现代性\6.5_弟子身兼赞助人.txt,human_expert,General Descriptive Profile,-12.718179,-5.6390347
乔迅（Jonathan Hay）_清初中国的绘画与现代性\7.1_扬州绘画市场.txt,human_expert,Historically Focused,-4.0744157,6.2689614
乔迅（Jonathan Hay）_清初中国的绘画与现代性\7.2_自况画.txt,human_expert,Comprehensive Analyst,22.242386,-0.82862633
乔迅（Jonathan Hay）_清初中国的绘画与现代性\7.3_装饰画.txt,human_expert,General Descriptive Profile,-12.846567,-5.5228686
乔迅（Jonathan Hay）_清初中国的绘画与现代性\7.4_纪念画.txt,human_expert,Comprehensive Analyst,22.113596,-0.43465853
乔迅（Jonathan Hay）_清初中国的绘画与现代性\7.5_幻象与价值.txt,human_expert,Comprehensive Analyst,9.706627,5.981591
乔迅（Jonathan Hay）_清初中国的绘画与现代性\8.1_清初画坛.txt,human_expert,General Descriptive Profile,-12.780714,-5.3280935
乔迅（Jonathan Hay）_清初中国的绘画与现代性\8.2_经世致用的伦理观.txt,human_expert,General Descriptive Profile,-12.845629,-5.4178042
乔迅（Jonathan Hay）_清初中国的绘画与现代性\8.3_石涛论技.txt,human_expert,Comprehensive Analyst,9.292103,3.561443
乔迅（Jonathan Hay）_清初中国的绘画与现代性\8.4_1703年为刘氏作山水大册.txt,human_expert,General Descriptive Profile,-12.676265,-5.4996743
乔迅（Jonathan Hay）_清初中国的绘画与现代性\9.1_禅师画家.txt,human_expert,General Descriptive Profile,-7.3981647,3.0754962
乔迅（Jonathan Hay）_清初中国的绘画与现代性\9.2_方士画家.txt,human_expert,Comprehensive Analyst,20.571718,1.310335
乔迅（Jonathan Hay）_清初中国的绘画与现代性\9.3_一与至人.txt,human_expert,Historically Focused,-4.1256967,6.3859124
乔迅（Jonathan Hay）_清初中国的绘画与现代性\9.4_自主的哲学.txt,human_expert,Theory & Comparison Focused,1.5704234,-1.5423918
列文森（Joseph Levenson）_从绘画所见明代与清初社会中的业余爱好理想\1_引言.txt,human_expert,Historically Focused,-4.442412,5.667962
列文森（Joseph Levenson）_从绘画所见明代与清初社会中的业余爱好理想\2.1_明代的社会风格.txt,human_expert,General Descriptive Profile,-7.8009624,2.84234
列文森（Joseph Levenson）_从绘画所见明代与清初社会中的业余爱好理想\2.2_明代的绘画风格.txt,human_expert,Historically Focused,-4.4170055,5.608664
列文森（Joseph Levenson）_从绘画所见明代与清初社会中的业余爱好理想\3.1_绘画中的“南北宗”.txt,human_expert,General Descriptive Profile,-12.634328,-5.507518
列文森（Joseph Levenson）_从绘画所见明代与清初社会中的业余爱好理想\3.2_儒生对佛教美学的选择.txt,human_expert,Historically Focused,-4.463463,5.56218
列文森（Joseph Levenson）_从绘画所见明代与清初社会中的业余爱好理想\3.3_性灵的成规化.txt,human_expert,Comprehensive Analyst,22.66638,-2.0338929
列文森（Joseph Levenson）_从绘画所见明代与清初社会中的业余爱好理想\3.4_官与因循守旧的美学：从反面对这两者联系的一个肯定.txt,human_expert,General Descriptive Profile,-12.822729,-5.493195
列文森（Joseph Levenson）_从绘画所见明代与清初社会中的业余爱好理想\4.1_流派界限的模糊化.txt,human_expert,Historically Focused,-4.9069605,4.381884
列文森（Joseph Levenson）_从绘画所见明代与清初社会中的业余爱好理想\4.2_收藏家与鉴赏家.txt,human_expert,Comprehensive Analyst,22.677954,-2.0797026
列文森（Joseph Levenson）_从绘画所见明代与清初社会中的业余爱好理想\5.1_判断“衰落”的相对性.txt,human_expert,Comprehensive Analyst,10.210959,4.1677947
列文森（Joseph Levenson）_从绘画所见明代与清初社会中的业余爱好理想\5.2_民族主义：文化变革与做官的职业化.txt,human_expert,Comprehensive Analyst,10.099898,4.0114136
洪再辛_海外中国画研究文选（1950-1987）\导言.txt,human_expert,General Descriptive Profile,-12.893686,-5.5063934
聂崇正_清代宫廷绘画\1_清以前的宫廷绘画概述.txt,human_expert,General Descriptive Profile,-12.794151,-5.315102
聂崇正_清代宫廷绘画\2.1_绘画机构的设置.txt,human_expert,Comprehensive Analyst,10.039307,3.5491974
聂崇正_清代宫廷绘画\2.2_画家的工作场所与称谓.txt,human_expert,Comprehensive Analyst,9.8205385,4.9521904
聂崇正_清代宫廷绘画\2.3_宫廷绘画的管理制度.txt,human_expert,Comprehensive Analyst,8.716877,11.912185
聂崇正_清代宫廷绘画\3.1_清代宫廷绘画的分期.txt,human_expert,Comprehensive Analyst,9.473979,6.3058677
聂崇正_清代宫廷绘画\3.2.1_纪实绘画.txt,human_expert,General Descriptive Profile,-12.586965,-5.221645
聂崇正_清代宫廷绘画\3.2.2_历史绘画.txt,human_expert,Comprehensive Analyst,22.513191,-2.203121
聂崇正_清代宫廷绘画\3.2.3_装饰性绘画.txt,human_expert,Historically Focused,-5.3729744,4.081165
聂崇正_清代宫廷绘画\3.2.4_宗教绘画.txt,human_expert,General Descriptive Profile,-13.009984,-5.151961
聂崇正_清代宫廷绘画\3.2.5_油画和版画.txt,human_expert,General Descriptive Profile,-8.347284,2.5286875
聂崇正_清代宫廷绘画\4.1_“臣”字款的画.txt,human_expert,General Descriptive Profile,-7.637664,2.9434853
聂崇正_清代宫廷绘画\4.2_纪实绘画的重要价值.txt,human_expert,Historically Focused,-4.0459714,6.2862973
聂崇正_清代宫廷绘画\4.3_描绘塞外风光的新题材.txt,human_expert,Comprehensive Analyst,9.095858,2.7247968
聂崇正_清代宫廷绘画\4.4_中西合璧的新画风.txt,human_expert,Comprehensive Analyst,20.63979,1.3068345
聂崇正_清代宫廷绘画\4.5_对清代宫廷绘画的整体评价与研究展望.txt,human_expert,General Descriptive Profile,-7.0640025,3.247053
苏利文（Sullivan）_山川悠远 中国山水画艺术\1_中国山水画的欣赏特质.txt,human_expert,General Descriptive Profile,-12.770444,-5.693952
苏利文（Sullivan）_山川悠远 中国山水画艺术\2.1.1_中国早期艺术中韵律感的表现及其对山水画的基础作用.txt,human_expert,Comprehensive Analyst,22.678553,-2.1350632
苏利文（Sullivan）_山川悠远 中国山水画艺术\2.1.2_汉代绘画中山水作为故事背景的初步尝试和局限.txt,human_expert,Theory & Comparison Focused,0.34205174,-1.9319903
苏利文（Sullivan）_山川悠远 中国山水画艺术\2.1.3_山水诗、山水画的兴起.txt,human_expert,Theory & Comparison Focused,0.3445054,-1.9262481
苏利文（Sullivan）_山川悠远 中国山水画艺术\2.1.4_早期画家的贡献和作品特点.txt,human_expert,Historically Focused,-4.337608,5.7766547
苏利文（Sullivan）_山川悠远 中国山水画艺术\2.1.5_敦煌壁画中山水元素的早期表现.txt,human_expert,Theory & Comparison Focused,1.5747999,-1.7039766
苏利文（Sullivan）_山川悠远 中国山水画艺术\2.2.1_唐代山水画发展的历史背景和社会文化环境.txt,human_expert,General Descriptive Profile,-12.7842655,-5.690911
苏利文（Sullivan）_山川悠远 中国山水画艺术\2.2.2_展子虔、李思训、李昭道等早期唐代山水画家的风格特点.txt,human_expert,General Descriptive Profile,-12.673734,-5.261914
苏利文（Sullivan）_山川悠远 中国山水画艺术\2.2.3_王维作为文人山水画开山祖师的地位及其《辋川图》的影响.txt,human_expert,Historically Focused,-4.4278526,5.591954
苏利文（Sullivan）_山川悠远 中国山水画艺术\2.2.4_张璪“外师造化，中得心源”的创作理念和技法.txt,human_expert,Comprehensive Analyst,22.05299,-0.36666626
苏利文（Sullivan）_山川悠远 中国山水画艺术\2.2.5_唐代山水画技法的发展，如线描、“没骨”、水墨渲染的结合.txt,human_expert,Historically Focused,-5.11718,4.1936655
苏利文（Sullivan）_山川悠远 中国山水画艺术\2.2.6_敦煌和日本正仓院所藏的唐代风格山水画.txt,human_expert,Historically Focused,-4.899752,4.411386
苏利文（Sullivan）_山川悠远 中国山水画艺术\2.2.7_晚唐“逸品”画家的怪诞风格及其对传统的挑战.txt,human_expert,Historically Focused,-4.5075397,5.489975
苏利文（Sullivan）_山川悠远 中国山水画艺术\2.3.1_五代，宋初山水画.txt,human_expert,General Descriptive Profile,-7.5384254,2.9744084
苏利文（Sullivan）_山川悠远 中国山水画艺术\2.3.2_北方山水画大师.txt,human_expert,Comprehensive Analyst,22.333231,-1.1000116
苏利文（Sullivan）_山川悠远 中国山水画艺术\2.3.3_山水画的装饰趣味和空间处理.txt,human_expert,General Descriptive Profile,-13.0138235,-5.546014
苏利文（Sullivan）_山川悠远 中国山水画艺术\2.3.4_北宋现实主义.txt,human_expert,Theory & Comparison Focused,0.29766998,-1.8664672
苏利文（Sullivan）_山川悠远 中国山水画艺术\2.3.5_宋代现实主义兴起与衰退.txt,human_expert,Historically Focused,0.12391896,-1.6352416
苏利文（Sullivan）_山川悠远 中国山水画艺术\2.3.6_南宋画院风格演变.txt,human_expert,Comprehensive Analyst,7.7030616,3.3829446
苏利文（Sullivan）_山川悠远 中国山水画艺术\2.3.7_南宋文人画的兴起.txt,human_expert,General Descriptive Profile,-12.794785,-5.2011304
苏利文（Sullivan）_山川悠远 中国山水画艺术\2.3.8_禅宗绘画的特点.txt,human_expert,Theory & Comparison Focused,1.6899288,-1.6617967
苏利文（Sullivan）_山川悠远 中国山水画艺术\2.3.9_金代山水画对北宋风格的继承与变化.txt,human_expert,Comprehensive Analyst,10.237691,4.7642756
苏利文（Sullivan）_山川悠远 中国山水画艺术\2.4.1_蒙古统治对汉族文人画家的影响.txt,human_expert,General Descriptive Profile,-12.705756,-5.278943
苏利文（Sullivan）_山川悠远 中国山水画艺术\2.4.2_元初画家钱选、赵孟頫的复古实践及其艺术主张.txt,human_expert,Comprehensive Analyst,10.07697,3.717986
苏利文（Sullivan）_山川悠远 中国山水画艺术\2.4.3_元四家.txt,human_expert,General Descriptive Profile,-12.736919,-5.665549
苏利文（Sullivan）_山川悠远 中国山水画艺术\2.4.4_元代文人画.txt,human_expert,Theory & Comparison Focused,1.5968274,-1.5266644
苏利文（Sullivan）_山川悠远 中国山水画艺术\2.4.5_元代其他画派.txt,human_expert,General Descriptive Profile,-12.949728,-5.600228
苏利文（Sullivan）_山川悠远 中国山水画艺术\2.5.1_明代画家的风格选择.txt,human_expert,Historically Focused,-4.908364,4.3905644
苏利文（Sullivan）_山川悠远 中国山水画艺术\2.5.2_明代宫廷画家、职业画家和文人画家的追求.txt,human_expert,General Descriptive Profile,-7.7774544,2.8528433
苏利文（Sullivan）_山川悠远 中国山水画艺术\2.5.3_吴门画派.txt,human_expert,Theory & Comparison Focused,0.23247164,-0.7789194
苏利文（Sullivan）_山川悠远 中国山水画艺术\2.5.4_文徵明.txt,human_expert,Historically Focused,-5.248044,4.135279
苏利文（Sullivan）_山川悠远 中国山水画艺术\2.5.5_明代中期王阳明心学对文人思想和绘画观念的影响.txt,human_expert,Historically Focused,-5.9210753,3.8643594
苏利文（Sullivan）_山川悠远 中国山水画艺术\2.5.6_晚明绘画.txt,human_expert,General Descriptive Profile,-12.616116,-5.7646146
苏利文（Sullivan）_山川悠远 中国山水画艺术\2.5.7_董其昌“南北宗论”.txt,human_expert,Historically Focused,-4.1001916,6.3587246
苏利文（Sullivan）_山川悠远 中国山水画艺术\2.6.1_清初“遗民”画家.txt,human_expert,Comprehensive Analyst,9.309693,4.1029096
苏利文（Sullivan）_山川悠远 中国山水画艺术\2.6.2_清代宫廷绘画的特点.txt,human_expert,Historically Focused,-4.912427,4.3366466
苏利文（Sullivan）_山川悠远 中国山水画艺术\2.6.3_四王.txt,human_expert,Comprehensive Analyst,22.315424,-1.0263872
苏利文（Sullivan）_山川悠远 中国山水画艺术\2.6.4_清初个性派大师“四僧”.txt,human_expert,Comprehensive Analyst,19.649878,1.6381321
苏利文（Sullivan）_山川悠远 中国山水画艺术\2.6.5_“扬州八怪”.txt,human_expert,General Descriptive Profile,-13.040178,-5.3352914
苏利文（Sullivan）_山川悠远 中国山水画艺术\2.6.6_18世纪末至19世纪中国山水画.txt,human_expert,Comprehensive Analyst,22.520405,-1.6761528
苏利文（Sullivan）_山川悠远 中国山水画艺术\2.7.1_20世纪初西方文化艺术对中国山水画的冲击和挑战.txt,human_expert,Historically Focused,-4.96002,4.3054323
苏利文（Sullivan）_山川悠远 中国山水画艺术\2.7.2_传统派画家.txt,human_expert,Comprehensive Analyst,22.425219,-1.3609687
苏利文（Sullivan）_山川悠远 中国山水画艺术\2.7.3_融合中西的画家.txt,human_expert,General Descriptive Profile,-12.797127,-5.698205
苏利文（Sullivan）_山川悠远 中国山水画艺术\2.7.4_抗日战争和内战对山水画发展方向的影响.txt,human_expert,General Descriptive Profile,-13.075196,-5.5092106
苏利文（Sullivan）_山川悠远 中国山水画艺术\2.7.5_海外发展的画家.txt,human_expert,Comprehensive Analyst,10.231744,4.7213683
苏利文（Sullivan）_山川悠远 中国山水画艺术\2.7.6_古为今用、洋为中用.txt,human_expert,Historically Focused,-4.693706,4.9552684
苏利文（Sullivan）_山川悠远 中国山水画艺术\2.7.7_当代山水画.txt,human_expert,Historically Focused,-4.4692903,5.5846095
苏利文（Sullivan）_山川悠远 中国山水画艺术\2.7.8_中国山水画在现代社会.txt,human_expert,General Descriptive Profile,-12.911491,-5.5747995
薛永年_中国绘画断代史\1.1_雍乾时期宫廷绘画的兴盛.txt,human_expert,Comprehensive Analyst,9.968803,5.037193
薛永年_中国绘画断代史\1.2_《视学》及线法画与外籍宫廷画家.txt,human_expert,General Descriptive Profile,-12.534156,-5.5377717
薛永年_中国绘画断代史\1.3_重要的宫廷绘画作品.txt,human_expert,Historically Focused,-4.050578,6.364208
薛永年_中国绘画断代史\1.4_宫廷中的油画作品.txt,human_expert,General Descriptive Profile,-12.437036,-5.5948234
薛永年_中国绘画断代史\1.5_词臣画与宗室画.txt,human_expert,General Descriptive Profile,-6.7188287,3.444957
薛永年_中国绘画断代史\2.1.1_清代的壁画.txt,human_expert,Comprehensive Analyst,22.239235,-0.6610986
薛永年_中国绘画断代史\2.1.2_清代的版画.txt,human_expert,General Descriptive Profile,-6.899013,3.3344617
薛永年_中国绘画断代史\2.1.3_清代的年画.txt,human_expert,Historically Focused,-5.948461,3.8536854
薛永年_中国绘画断代史\2.1.4_清代的铜版画与石印画报.txt,human_expert,Theory & Comparison Focused,0.23510318,-1.6795095
薛永年_中国绘画断代史\2.1_清代的壁画，版画，年画与石印画报.txt,human_expert,Historically Focused,-4.78452,4.7276773
薛永年_中国美术史：清代卷\1.1.1_承继拓展期.txt,human_expert,General Descriptive Profile,-12.41812,-5.7366076
薛永年_中国美术史：清代卷\1.1.2_繁荣多彩期.txt,human_expert,General Descriptive Profile,-7.586236,2.925404
薛永年_中国美术史：清代卷\1.1.3_古今转型期.txt,human_expert,General Descriptive Profile,-12.93554,-5.066588
薛永年_中国美术史：清代卷\1.2.1_繪畫機構與制度.txt,human_expert,Historically Focused,-4.1469464,6.2693596
薛永年_中国美术史：清代卷\1.2.2_顺治、康熙间的宫廷绘画.txt,human_expert,Comprehensive Analyst,9.509654,6.1081533
薛永年_中国美术史：清代卷\1.2.3_雍正、乾隆及其後的宫廷繪畫.txt,human_expert,Historically Focused,-5.200175,4.149601
薛永年_中国美术史：清代卷\1.2.4_西学东渐与清代宫廷画.txt,human_expert,General Descriptive Profile,-7.643003,2.934449
谢柏轲（Jerome Silbergeld）_西方中国绘画史研究专论\1.1_宋以前绘画的考古发现.txt,human_expert,Theory & Comparison Focused,0.25250056,-1.811737
谢柏轲（Jerome Silbergeld）_西方中国绘画史研究专论\1.2_宋和宋以后绘画的鉴定.txt,human_expert,General Descriptive Profile,-12.688671,-5.67364
谢柏轲（Jerome Silbergeld）_西方中国绘画史研究专论\1.3_笔法鉴赏.txt,human_expert,General Descriptive Profile,-12.741721,-5.3421917
谢柏轲（Jerome Silbergeld）_西方中国绘画史研究专论\1.4_艺术的个人风格、发展模式、变化幅度和画家性格.txt,human_expert,General Descriptive Profile,-12.462863,-5.2149887
谢柏轲（Jerome Silbergeld）_西方中国绘画史研究专论\2.1_关于风格与相关情景的流行理论.txt,human_expert,Comprehensive Analyst,22.561703,-2.2239373
谢柏轲（Jerome Silbergeld）_西方中国绘画史研究专论\2.2_宋以前的画论及其哲学背景.txt,human_expert,Historically Focused,-4.4390197,5.5519066
谢柏轲（Jerome Silbergeld）_西方中国绘画史研究专论\2.3_后期画论及其哲学背景.txt,human_expert,Historically Focused,-4.033276,6.4367876
谢柏轲（Jerome Silbergeld）_西方中国绘画史研究专论\2.4_诗画关系.txt,human_expert,General Descriptive Profile,-12.584336,-5.1932645
谢柏轲（Jerome Silbergeld）_西方中国绘画史研究专论\3.1_道释图像学.txt,human_expert,General Descriptive Profile,-12.320392,-5.471498
谢柏轲（Jerome Silbergeld）_西方中国绘画史研究专论\3.2_作为政治说教的宫廷画.txt,human_expert,Historically Focused,-4.675593,4.942009
谢柏轲（Jerome Silbergeld）_西方中国绘画史研究专论\3.3_文人画的政治性图像.txt,human_expert,Historically Focused,-4.1786413,6.2031507
谢柏轲（Jerome Silbergeld）_西方中国绘画史研究专论\3.4_传统文学题材图卷.txt,human_expert,General Descriptive Profile,-6.7962856,3.403006
谢柏轲（Jerome Silbergeld）_西方中国绘画史研究专论\4.1_内容与相关情境之关系.txt,human_expert,Historically Focused,-4.3165693,5.9670014
谢柏轲（Jerome Silbergeld）_西方中国绘画史研究专论\4.2_艺术赞助之研究的若干命题.txt,human_expert,General Descriptive Profile,-12.686495,-5.6926556
谢柏轲（Jerome Silbergeld）_西方中国绘画史研究专论\4.3_皇家赞助.txt,human_expert,General Descriptive Profile,-12.759875,-5.5686345
谢柏轲（Jerome Silbergeld）_西方中国绘画史研究专论\4.4_赞助与文人.txt,human_expert,General Descriptive Profile,-12.784354,-4.9038396
谢柏轲（Jerome Silbergeld）_西方中国绘画史研究专论\4.5_艺术地位与艺术：职业画家与业余画家.txt,human_expert,General Descriptive Profile,-12.598223,-5.863816
谢柏轲（Jerome Silbergeld）_西方中国绘画史研究专论\4.6_艺术中的妇女.txt,human_expert,General Descriptive Profile,-12.3331175,-5.442285
谢柏轲（Jerome Silbergeld）_西方中国绘画史研究专论\4.7_欧洲绘画的影响.txt,human_expert,Historically Focused,-5.2605023,4.1240325
贡布里希_西方人的眼光—评苏立文的《永恒的象征—中国山水画艺术\1_中国山水画的特点.txt,human_expert,General Descriptive Profile,-12.373995,-5.0748444
贡布里希_西方人的眼光—评苏立文的《永恒的象征—中国山水画艺术\2_中西方艺术批评在评价标准和表述方式上的差异.txt,human_expert,General Descriptive Profile,-12.356791,-5.322906
贡布里希_西方人的眼光—评苏立文的《永恒的象征—中国山水画艺术\3_质疑.txt,human_expert,General Descriptive Profile,-12.442984,-5.4580264
贡布里希_西方人的眼光—评苏立文的《永恒的象征—中国山水画艺术\4_对苏立文著作的肯定及商榷.txt,human_expert,Historically Focused,-4.200182,6.177477
高居翰（James Cahill）_明清绘画中作为思想观念的风格\1_开篇.txt,human_expert,Historically Focused,-5.8004923,3.9437058
高居翰（James Cahill）_明清绘画中作为思想观念的风格\2.1_儒生对佛教美学的选择.txt,human_expert,Historically Focused,-4.9488554,4.322156
高居翰（James Cahill）_明清绘画中作为思想观念的风格\2.2_仿的问题.txt,human_expert,General Descriptive Profile,-12.414207,-5.478284
高居翰（James Cahill）_明清绘画中作为思想观念的风格\3.1_没有绘画的绘画研究.txt,human_expert,Historically Focused,-4.3923173,5.7114773
高居翰（James Cahill）_明清绘画中作为思想观念的风格\4.1_绘画在历史中的位置.txt,human_expert,Comprehensive Analyst,10.016791,3.676585
April\四月(basic).txt,Qwen-2.5-VL-7B,General Descriptive Profile,-12.570688,-5.120807
April\四月(with_Brother_Thomas).txt,Qwen-2.5-VL-7B,Comprehensive Analyst,8.853368,6.773846
April\四月(with_Dr_Aris_Thorne).txt,Qwen-2.5-VL-7B,Comprehensive Analyst,20.68975,1.361927
April\四月(with_Guo_Xi).txt,Qwen-2.5-VL-7B,General Descriptive Profile,-12.588248,-5.695771
April\四月(with_John_Ruskin).txt,Qwen-2.5-VL-7B,Comprehensive Analyst,8.545073,2.5486362
April\四月(with_Mama_Zola).txt,Qwen-2.5-VL-7B,Comprehensive Analyst,8.603572,12.165153
April\四月(with_Okakura_Kakuzō).txt,Qwen-2.5-VL-7B,General Descriptive Profile,-12.474019,-5.667802
April\四月(with_Professor_Elena_Petrova).txt,Qwen-2.5-VL-7B,Comprehensive Analyst,18.910616,2.4265134
April\四月(with_Su_Shi).txt,Qwen-2.5-VL-7B,Comprehensive Analyst,8.698495,11.98416
August\八月(basic).txt,Qwen-2.5-VL-7B,Comprehensive Analyst,9.326187,4.282681
August\八月(with_Brother_Thomas).txt,Qwen-2.5-VL-7B,Comprehensive Analyst,8.511563,9.633351
August\八月(with_Dr_Aris_Thorne).txt,Qwen-2.5-VL-7B,Comprehensive Analyst,22.360708,-1.2158151
August\八月(with_Guo_Xi).txt,Qwen-2.5-VL-7B,Comprehensive Analyst,8.568143,9.87478
August\八月(with_John_Ruskin).txt,Qwen-2.5-VL-7B,Comprehensive Analyst,7.9499273,5.315521
August\八月(with_Mama_Zola).txt,Qwen-2.5-VL-7B,Comprehensive Analyst,8.492217,8.4911585
August\八月(with_Okakura_Kakuzō).txt,Qwen-2.5-VL-7B,Comprehensive Analyst,7.874275,2.1544573
August\八月(with_Professor_Elena_Petrova).txt,Qwen-2.5-VL-7B,Comprehensive Analyst,8.254199,10.834067
August\八月(with_Su_Shi).txt,Qwen-2.5-VL-7B,Comprehensive Analyst,8.6294565,12.116188
December\十二月(basic).txt,Qwen-2.5-VL-7B,General Descriptive Profile,-12.807122,-5.3382487
December\十二月(with_Brother_Thomas).txt,Qwen-2.5-VL-7B,General Descriptive Profile,-12.688576,-5.3599677
December\十二月(with_Dr_Aris_Thorne).txt,Qwen-2.5-VL-7B,Comprehensive Analyst,8.677955,2.3048165
December\十二月(with_Guo_Xi).txt,Qwen-2.5-VL-7B,Comprehensive Analyst,10.155196,5.0509763
December\十二月(with_John_Ruskin).txt,Qwen-2.5-VL-7B,Comprehensive Analyst,9.394103,4.487441
December\十二月(with_Mama_Zola).txt,Qwen-2.5-VL-7B,Comprehensive Analyst,8.606032,12.14676
December\十二月(with_Okakura_Kakuzō).txt,Qwen-2.5-VL-7B,Comprehensive Analyst,7.7568064,2.8063254
December\十二月(with_Professor_Elena_Petrova).txt,Qwen-2.5-VL-7B,General Descriptive Profile,-7.628666,2.9776325
December\十二月(with_Su_Shi).txt,Qwen-2.5-VL-7B,Comprehensive Analyst,8.946963,6.413287
February\二月(basic).txt,Qwen-2.5-VL-7B,General Descriptive Profile,-12.618765,-5.5070024
February\二月(with_Brother_Thomas).txt,Qwen-2.5-VL-7B,Comprehensive Analyst,8.900395,6.7933817
February\二月(with_Dr._Aris_Thorne).txt,Qwen-2.5-VL-7B,Comprehensive Analyst,20.69708,1.2811035
February\二月(with_Guo_Xi).txt,Qwen-2.5-VL-7B,General Descriptive Profile,-12.634091,-5.521202
February\二月(with_John_Ruskin).txt,Qwen-2.5-VL-7B,Comprehensive Analyst,8.578785,2.562751
February\二月(with_Mama_Zola).txt,Qwen-2.5-VL-7B,Comprehensive Analyst,8.642588,12.108796
February\二月(with_Okakura_Kakuzō).txt,Qwen-2.5-VL-7B,General Descriptive Profile,-12.267539,-5.242245
February\二月(with_Professor_Elena_Petrova).txt,Qwen-2.5-VL-7B,Comprehensive Analyst,18.92773,2.4211671
February\二月(with_Su_Shi).txt,Qwen-2.5-VL-7B,Comprehensive Analyst,8.640232,12.029735
January\一月(basic).txt,Qwen-2.5-VL-7B,General Descriptive Profile,-12.917603,-5.5522947
January\一月(with_Brother_Thomas).txt,Qwen-2.5-VL-7B,Comprehensive Analyst,8.197181,1.3296046
January\一月(with_Dr._Aris_Thorne).txt,Qwen-2.5-VL-7B,Comprehensive Analyst,7.798783,3.0878997
January\一月(with_Guo_Xi).txt,Qwen-2.5-VL-7B,Comprehensive Analyst,9.067011,6.7573566
January\一月(with_John_Ruskin).txt,Qwen-2.5-VL-7B,Comprehensive Analyst,9.992151,4.9587865
January\一月(with_Mama_Zola).txt,Qwen-2.5-VL-7B,Comprehensive Analyst,8.381643,10.559031
January\一月(with_Okakura_Kakuzō).txt,Qwen-2.5-VL-7B,Comprehensive Analyst,18.81586,2.5046165
January\一月(with_Professor_Elena_Petrova).txt,Qwen-2.5-VL-7B,Comprehensive Analyst,8.546752,8.323963
January\一月(with_Su_Shi).txt,Qwen-2.5-VL-7B,General Descriptive Profile,-12.584657,-5.8016305
July\七月(basic).txt,Qwen-2.5-VL-7B,General Descriptive Profile,-12.917873,-5.1401687
July\七月(with_Brother_Thomas).txt,Qwen-2.5-VL-7B,Comprehensive Analyst,8.440985,10.825922
July\七月(with_Dr_Aris_Thorne).txt,Qwen-2.5-VL-7B,Comprehensive Analyst,19.860718,1.4986974
July\七月(with_Guo_Xi).txt,Qwen-2.5-VL-7B,Comprehensive Analyst,8.632391,6.0068803
July\七月(with_John_Ruskin).txt,Qwen-2.5-VL-7B,Comprehensive Analyst,20.719114,1.2463018
July\七月(with_Mama_Zola).txt,Qwen-2.5-VL-7B,Comprehensive Analyst,9.945998,5.0299897
July\七月(with_Okakura_Kakuzō).txt,Qwen-2.5-VL-7B,Comprehensive Analyst,8.222333,5.6686983
July\七月(with_Professor_Elena_Petrova).txt,Qwen-2.5-VL-7B,Comprehensive Analyst,8.506571,8.335871
July\七月(with_Su_Shi).txt,Qwen-2.5-VL-7B,Comprehensive Analyst,8.734094,3.7122426
June\六月(basic).txt,Qwen-2.5-VL-7B,Comprehensive Analyst,8.514062,8.532168
June\六月(with_Brother_Thomas).txt,Qwen-2.5-VL-7B,Comprehensive Analyst,8.862928,6.5389743
June\六月(with_Dr_Aris_Thorne).txt,Qwen-2.5-VL-7B,Comprehensive Analyst,9.2772045,4.0831585
June\六月(with_Guo_Xi).txt,Qwen-2.5-VL-7B,General Descriptive Profile,-12.593134,-4.882897
June\六月(with_John_Ruskin).txt,Qwen-2.5-VL-7B,Comprehensive Analyst,8.671314,12.043789
June\六月(with_Mama_Zola).txt,Qwen-2.5-VL-7B,Comprehensive Analyst,8.327439,9.860138
June\六月(with_Okakura_Kakuzō).txt,Qwen-2.5-VL-7B,Comprehensive Analyst,9.781451,5.005976
June\六月(with_Professor_Elena_Petrova).txt,Qwen-2.5-VL-7B,Comprehensive Analyst,9.236604,2.557117
June\六月(with_Su_Shi).txt,Qwen-2.5-VL-7B,Comprehensive Analyst,9.546049,6.1316257
March\三月(basic).txt,Qwen-2.5-VL-7B,General Descriptive Profile,-12.706886,-5.0814075
March\三月(with_Brother_Thomas).txt,Qwen-2.5-VL-7B,Comprehensive Analyst,19.125547,2.218348
March\三月(with_Dr_Aris_Thorne).txt,Qwen-2.5-VL-7B,Comprehensive Analyst,7.4266386,3.963426
March\三月(with_Guo_Xi).txt,Qwen-2.5-VL-7B,Comprehensive Analyst,8.505098,3.3594816
March\三月(with_John_Ruskin).txt,Qwen-2.5-VL-7B,Comprehensive Analyst,17.361841,3.2603002
March\三月(with_Mama_Zola).txt,Qwen-2.5-VL-7B,Comprehensive Analyst,9.447239,5.128701
March\三月(with_Okakura_Kakuzō).txt,Qwen-2.5-VL-7B,Comprehensive Analyst,7.8497663,3.1348143
March\三月(with_Professor_Elena_Petrova).txt,Qwen-2.5-VL-7B,Comprehensive Analyst,19.529215,1.7480254
March\三月(with_Su_Shi).txt,Qwen-2.5-VL-7B,Comprehensive Analyst,9.236839,2.4471102
May\五月(basic).txt,Qwen-2.5-VL-7B,General Descriptive Profile,-12.550746,-5.387477
May\五月(with_Brother_Thomas).txt,Qwen-2.5-VL-7B,Comprehensive Analyst,9.848115,5.0767193
May\五月(with_Dr_Aris_Thorne).txt,Qwen-2.5-VL-7B,Comprehensive Analyst,8.528287,11.214673
May\五月(with_Guo_Xi).txt,Qwen-2.5-VL-7B,Comprehensive Analyst,8.804214,11.924521
May\五月(with_John_Ruskin).txt,Qwen-2.5-VL-7B,Comprehensive Analyst,8.324719,10.919549
May\五月(with_Mama_Zola).txt,Qwen-2.5-VL-7B,Comprehensive Analyst,8.992678,6.8237367
May\五月(with_Okakura_Kakuzō).txt,Qwen-2.5-VL-7B,Comprehensive Analyst,18.030287,2.937162
May\五月(with_Professor_Elena_Petrova).txt,Qwen-2.5-VL-7B,Comprehensive Analyst,9.76762,5.8660645
May\五月(with_Su_Shi).txt,Qwen-2.5-VL-7B,Comprehensive Analyst,8.669532,11.857531
November\十一月(basic).txt,Qwen-2.5-VL-7B,General Descriptive Profile,-12.544017,-4.962625
November\十一月(with_Brother_Thomas).txt,Qwen-2.5-VL-7B,Comprehensive Analyst,8.224877,1.2944475
November\十一月(with_Dr_Aris_Thorne).txt,Qwen-2.5-VL-7B,Comprehensive Analyst,7.7998686,3.1260269
November\十一月(with_Guo_Xi).txt,Qwen-2.5-VL-7B,Comprehensive Analyst,9.049159,6.763939
November\十一月(with_John_Ruskin).txt,Qwen-2.5-VL-7B,Comprehensive Analyst,9.957895,4.9571047
November\十一月(with_Mama_Zola).txt,Qwen-2.5-VL-7B,Comprehensive Analyst,8.409922,10.4986515
November\十一月(with_Okakura_Kakuzō).txt,Qwen-2.5-VL-7B,Comprehensive Analyst,18.80109,2.515276
November\十一月(with_Professor_Elena_Petrova).txt,Qwen-2.5-VL-7B,Comprehensive Analyst,8.5407915,8.324884
November\十一月(with_Su_Shi).txt,Qwen-2.5-VL-7B,General Descriptive Profile,-12.333394,-4.9137406
october\十月(basic).txt,Qwen-2.5-VL-7B,Comprehensive Analyst,8.199277,1.9189098
october\十月(with_Brother_Thomas).txt,Qwen-2.5-VL-7B,Comprehensive Analyst,9.621862,6.0470114
october\十月(with_Dr_Aris_Thorne).txt,Qwen-2.5-VL-7B,Comprehensive Analyst,22.663939,-2.2388337
october\十月(with_Guo_Xi).txt,Qwen-2.5-VL-7B,General Descriptive Profile,-12.76882,-4.9500675
october\十月(with_John_Ruskin).txt,Qwen-2.5-VL-7B,Comprehensive Analyst,10.174451,4.84267
october\十月(with_Mama_Zola).txt,Qwen-2.5-VL-7B,Comprehensive Analyst,8.818137,6.9081664
october\十月(with_Okakura_Kakuzō).txt,Qwen-2.5-VL-7B,Comprehensive Analyst,8.697012,10.221954
october\十月(with_Professor_Elena_Petrova).txt,Qwen-2.5-VL-7B,General Descriptive Profile,-12.879746,-4.94936
october\十月(with_Su_Shi).txt,Qwen-2.5-VL-7B,Comprehensive Analyst,17.340797,3.2685723
September\九月(basic).txt,Qwen-2.5-VL-7B,Comprehensive Analyst,8.353621,10.928587
September\九月(with_Brother_Thomas).txt,Qwen-2.5-VL-7B,Comprehensive Analyst,8.116541,5.5449395
September\九月(with_Dr_Aris_Thorne).txt,Qwen-2.5-VL-7B,Comprehensive Analyst,20.794006,1.1909162
September\九月(with_Guo_Xi).txt,Qwen-2.5-VL-7B,Comprehensive Analyst,8.310988,9.72482
September\九月(with_John_Ruskin).txt,Qwen-2.5-VL-7B,Comprehensive Analyst,8.143961,1.9117906
September\九月(with_Mama_Zola).txt,Qwen-2.5-VL-7B,Comprehensive Analyst,7.974705,5.2735286
September\九月(with_Okakura_Kakuzō).txt,Qwen-2.5-VL-7B,Comprehensive Analyst,18.13831,2.859713
September\九月(with_Professor_Elena_Petrova).txt,Qwen-2.5-VL-7B,General Descriptive Profile,-12.394446,-5.010664
September\九月(with_Su_Shi).txt,Qwen-2.5-VL-7B,Comprehensive Analyst,8.515578,10.472534
April\四月(basic).txt,google_gemini-2.5pro,Comprehensive Analyst,8.741478,2.0825512
April\四月(with_Brother_Thomas).txt,google_gemini-2.5pro,Comprehensive Analyst,8.661794,2.2502449
April\四月(with_Dr._Aris_Thorne).txt,google_gemini-2.5pro,Theory & Comparison Focused,1.6473794,-1.596241
April\四月(with_Guo_Xi).txt,google_gemini-2.5pro,Comprehensive Analyst,7.886845,5.081124
April\四月(with_John_Ruskin).txt,google_gemini-2.5pro,Theory & Comparison Focused,1.6946623,-1.6745162
April\四月(with_Mama_Zola).txt,google_gemini-2.5pro,General Descriptive Profile,-12.977416,-4.824981
April\四月(with_Okakura_Kakuzō).txt,google_gemini-2.5pro,Comprehensive Analyst,7.570331,4.44971
April\四月(with_Professor_Elena_Petrova).txt,google_gemini-2.5pro,Comprehensive Analyst,9.287185,3.751082
April\四月(with_Su_Shi).txt,google_gemini-2.5pro,General Descriptive Profile,-8.182878,2.6345878
August\八月(basic).txt,google_gemini-2.5pro,General Descriptive Profile,-12.984867,-5.25344
August\八月(with_Brother_Thomas).txt,google_gemini-2.5pro,General Descriptive Profile,-6.793563,3.4045918
August\八月(with_Dr._Aris_Thorne).txt,google_gemini-2.5pro,General Descriptive Profile,-12.575249,-5.199495
August\八月(with_Guo_Xi).txt,google_gemini-2.5pro,Theory & Comparison Focused,1.6645406,-1.7173624
August\八月(with_John_Ruskin).txt,google_gemini-2.5pro,Theory & Comparison Focused,1.6056557,-1.5224159
August\八月(with_Mama_Zola).txt,google_gemini-2.5pro,General Descriptive Profile,-12.782647,-4.9687476
August\八月(with_Okakura_Kakuzō).txt,google_gemini-2.5pro,General Descriptive Profile,-12.450688,-5.103372
August\八月(with_Professor_Elena_Petrova).txt,google_gemini-2.5pro,Comprehensive Analyst,8.993793,3.7696185
August\八月(with_Su_Shi).txt,google_gemini-2.5pro,Comprehensive Analyst,8.698204,2.014443
December\十二月(basic).txt,google_gemini-2.5pro,Comprehensive Analyst,8.754714,3.7591164
December\十二月(with_Brother_Thomas).txt,google_gemini-2.5pro,Comprehensive Analyst,8.317185,1.9114066
December\十二月(with_Dr._Aris_Thorne).txt,google_gemini-2.5pro,General Descriptive Profile,-12.93759,-5.3445354
December\十二月(with_Guo_Xi).txt,google_gemini-2.5pro,General Descriptive Profile,-12.473601,-4.8312097
December\十二月(with_John_Ruskin).txt,google_gemini-2.5pro,Comprehensive Analyst,7.9276495,5.273158
December\十二月(with_Mama_Zola).txt,google_gemini-2.5pro,Comprehensive Analyst,8.572837,8.292534
December\十二月(with_Okakura_Kakuzō).txt,google_gemini-2.5pro,Comprehensive Analyst,9.003963,2.280599
December\十二月(with_Professor_Elena_Petrova).txt,google_gemini-2.5pro,General Descriptive Profile,-12.575156,-4.891762
December\十二月(with_Su_Shi).txt,google_gemini-2.5pro,Comprehensive Analyst,8.879644,2.167226
February\二月(Basic).txt,google_gemini-2.5pro,General Descriptive Profile,-12.39705,-5.2079573
February\二月(with_Brother_Thomas).txt,google_gemini-2.5pro,Theory & Comparison Focused,0.295876,-1.0107826
February\二月(with_Dr_Aris_Thorne).txt,google_gemini-2.5pro,General Descriptive Profile,-13.019495,-5.0603285
February\二月(with_Guo_Xi).txt,google_gemini-2.5pro,General Descriptive Profile,-12.68981,-4.743498
February\二月(with_John_Ruskin).txt,google_gemini-2.5pro,General Descriptive Profile,-12.338386,-5.128875
February\二月(with_Mama_Zola).txt,google_gemini-2.5pro,Comprehensive Analyst,7.850574,5.250828
February\二月(with_Okakura_Kakuzo).txt,google_gemini-2.5pro,Comprehensive Analyst,8.778185,4.601747
February\二月(with_Professor_Elena_Petrova).txt,google_gemini-2.5pro,Theory & Comparison Focused,0.29125267,-0.7245745
February\二月(with_Su_Shi).txt,google_gemini-2.5pro,Comprehensive Analyst,7.4846025,4.19439
January\正月(Basic).txt,google_gemini-2.5pro,Comprehensive Analyst,18.990917,2.3633177
January\正月(with_Brother_Thomas).txt,google_gemini-2.5pro,Theory & Comparison Focused,0.56099665,-0.8349275
January\正月(with_Dr_Aris_Thorne).txt,google_gemini-2.5pro,Comprehensive Analyst,8.30054,1.8315344
January\正月(with_Guo_Xi).txt,google_gemini-2.5pro,Comprehensive Analyst,17.410957,3.2213287
January\正月(with_John_Ruskin).txt,google_gemini-2.5pro,Theory & Comparison Focused,1.6100008,-1.637513
January\正月(with_Mama_Zola).txt,google_gemini-2.5pro,General Descriptive Profile,-12.750009,-5.1977406
January\正月(with_Okakura_Kakuzo).txt,google_gemini-2.5pro,Theory & Comparison Focused,0.26810876,-0.73521465
January\正月(with_Professor_Elena_Petrova).txt,google_gemini-2.5pro,Comprehensive Analyst,8.181062,1.3401126
January\正月(with_Su_Shi).txt,google_gemini-2.5pro,Comprehensive Analyst,8.607856,1.6273582
July\七月(basic).txt,google_gemini-2.5pro,General Descriptive Profile,-12.729965,-4.679344
July\七月(with_Brother_Thomas).txt,google_gemini-2.5pro,Comprehensive Analyst,9.150721,3.9212215
July\七月(with_Dr_Aris_Thorne).txt,google_gemini-2.5pro,Comprehensive Analyst,7.387145,3.9181552
July\七月(with_Guo_Xi).txt,google_gemini-2.5pro,Theory & Comparison Focused,0.39810517,-0.75474966
July\七月(with_John_Ruskin).txt,google_gemini-2.5pro,Comprehensive Analyst,8.111439,1.9493928
July\七月(with_Mama_Zola).txt,google_gemini-2.5pro,Comprehensive Analyst,18.99823,2.3529081
July\七月(with_Okakura_Kakuzō).txt,google_gemini-2.5pro,Comprehensive Analyst,8.283213,1.3304079
July\七月(with_Professor_Elena_Petrova).txt,google_gemini-2.5pro,General Descriptive Profile,-13.771108,-5.022848
July\七月(with_Su_Shi).txt,google_gemini-2.5pro,Comprehensive Analyst,17.339848,3.2689848
June\六月(basic).txt,google_gemini-2.5pro,General Descriptive Profile,-12.806498,-5.0350285
June\六月(with_Brother_Thomas).txt,google_gemini-2.5pro,Comprehensive Analyst,8.546107,8.35283
June\六月(with_Dr._Aris_Thorne).txt,google_gemini-2.5pro,General Descriptive Profile,-6.7423043,3.4350588
June\六月(with_Guo_Xi).txt,google_gemini-2.5pro,General Descriptive Profile,-12.268666,-5.3716936
June\六月(with_John_Ruskin).txt,google_gemini-2.5pro,Comprehensive Analyst,8.8312645,5.6249833
June\六月(with_Mama_Zola).txt,google_gemini-2.5pro,General Descriptive Profile,-12.229078,-5.643768
June\六月(with_Okakura_Kakuzō).txt,google_gemini-2.5pro,General Descriptive Profile,-12.228505,-5.029412
June\六月(with_Professor_Elena_Petrova).txt,google_gemini-2.5pro,Comprehensive Analyst,7.5264435,3.1725338
June\六月(with_Su_Shi).txt,google_gemini-2.5pro,Theory & Comparison Focused,0.409534,-0.8111888
March\三月(basic).txt,google_gemini-2.5pro,Comprehensive Analyst,8.7621765,1.7607635
March\三月(with_Brother_Thomas).txt,google_gemini-2.5pro,Historically Focused,-4.650566,5.040245
March\三月(with_Dr_Aris_Thorne).txt,google_gemini-2.5pro,Comprehensive Analyst,9.101616,3.8462167
March\三月(with_Guo_Xi).txt,google_gemini-2.5pro,Comprehensive Analyst,7.7271314,3.1974685
March\三月(with_John_Ruskin).txt,google_gemini-2.5pro,Comprehensive Analyst,7.9292707,5.2845945
March\三月(with_Mama_Zola).txt.txt,google_gemini-2.5pro,General Descriptive Profile,-8.429615,2.4592955
March\三月(with_Okakura_Kakuzo).txt,google_gemini-2.5pro,Theory & Comparison Focused,0.6298599,-0.8808022
March\三月(with_Professor_Elena_Petrova).txt,google_gemini-2.5pro,Theory & Comparison Focused,0.25352955,-1.1136703
March\三月(with_Su_Sh).txt,google_gemini-2.5pro,General Descriptive Profile,-8.492448,2.396443
May\五月(basic).txt,google_gemini-2.5pro,Theory & Comparison Focused,0.43328634,-0.8277825
May\五月(with_Brother_Thomas).txt,google_gemini-2.5pro,Comprehensive Analyst,7.6165657,2.6804636
May\五月(with_Dr._Aris_Thorne).txt,google_gemini-2.5pro,General Descriptive Profile,-13.355982,-5.3871355
May\五月(with_Guo_Xi).txt,google_gemini-2.5pro,Comprehensive Analyst,8.351283,3.0604174
May\五月(with_John_Ruskin).txt,google_gemini-2.5pro,Comprehensive Analyst,22.061861,-0.35673222
May\五月(with_Mama_Zola).txt,google_gemini-2.5pro,Comprehensive Analyst,9.065526,3.766458
May\五月(with_Okakura_Kakuzō).txt,google_gemini-2.5pro,General Descriptive Profile,-13.51871,-5.1849017
May\五月(with_Professor_Elena_Petrova).txt,google_gemini-2.5pro,Theory & Comparison Focused,1.6529086,-1.544938
May\五月(with_Su_Shi).txt,google_gemini-2.5pro,Comprehensive Analyst,7.8921375,5.2486477
November\十一月(basic).txt,google_gemini-2.5pro,Comprehensive Analyst,8.310412,9.971767
November\十一月(with_Brother_Thomas).txt,google_gemini-2.5pro,Comprehensive Analyst,8.0631,1.6960521
November\十一月(with_Dr._Aris_Thorne).txt,google_gemini-2.5pro,Comprehensive Analyst,7.791203,3.2143245
November\十一月(with_Guo_Xi).txt,google_gemini-2.5pro,Comprehensive Analyst,8.749086,3.743398
November\十一月(with_John_Ruskin).txt,google_gemini-2.5pro,Comprehensive Analyst,7.6218224,3.1178656
November\十一月(with_Mama_Zola).txt,google_gemini-2.5pro,Comprehensive Analyst,8.868981,2.2350354
November\十一月(with_Okakura_Kakuzō).txt,google_gemini-2.5pro,Comprehensive Analyst,7.860597,2.648218
November\十一月(with_Professor_Elena_Petrova).txt,google_gemini-2.5pro,Comprehensive Analyst,8.336756,2.8837857
November\十一月(with_Su_Shi).txt,google_gemini-2.5pro,Theory & Comparison Focused,1.4582446,-1.719821
october\十月(basic).txt,google_gemini-2.5pro,Comprehensive Analyst,8.508193,1.9987332
october\十月(with_Brother_Thomas).txt,google_gemini-2.5pro,Comprehensive Analyst,7.4361615,3.7526295
october\十月(with_Dr._Aris_Thorne).txt,google_gemini-2.5pro,Comprehensive Analyst,7.5973577,2.9140701
october\十月(with_Guo_Xi).txt,google_gemini-2.5pro,Comprehensive Analyst,8.642861,3.259607
october\十月(with_John_Ruskin).txt,google_gemini-2.5pro,Theory & Comparison Focused,1.0564177,-1.1570603
october\十月(with_Mama_Zola).txt,google_gemini-2.5pro,General Descriptive Profile,-13.162096,-5.0280867
october\十月(with_Okakura_Kakuzō).txt,google_gemini-2.5pro,Comprehensive Analyst,8.083954,5.5490217
october\十月(with_Professor_Elena_Petrova).txt,google_gemini-2.5pro,General Descriptive Profile,-8.428608,2.4586194
october\十月(with_Su_Shi).txt,google_gemini-2.5pro,Comprehensive Analyst,8.9021635,2.172903
September\九月(basic).txt,google_gemini-2.5pro,Theory & Comparison Focused,0.26452312,-0.747349
September\九月(with_Brother_Thomas).txt,google_gemini-2.5pro,General Descriptive Profile,-6.745777,3.4594233
September\九月(with_Dr._Aris_Thorne).txt,google_gemini-2.5pro,Theory & Comparison Focused,0.2452677,-1.298129
September\九月(with_Guo_Xi).txt,google_gemini-2.5pro,Comprehensive Analyst,9.174428,2.365375
September\九月(with_John_Ruskin).txt,google_gemini-2.5pro,Theory & Comparison Focused,0.27041295,-0.72314733
September\九月(with_Mama_Zola).txt,google_gemini-2.5pro,General Descriptive Profile,-13.177873,-4.774807
September\九月(with_Okakura_Kakuzō).txt,google_gemini-2.5pro,Comprehensive Analyst,7.9956346,2.0010777
September\九月(with_Professor_Elena_Petrova).txt,google_gemini-2.5pro,Theory & Comparison Focused,0.32582778,-0.7164842
September\九月(with_Su_Shi).txt,google_gemini-2.5pro,Comprehensive Analyst,7.400374,3.9830325
April\四月(basic).txt,meta-llama_Llama-3.1-8B-Instruct,General Descriptive Profile,-13.218395,-4.9126725
April\四月(with_Brother_Thomas).txt,meta-llama_Llama-3.1-8B-Instruct,Historically Focused,-4.7000384,5.4395833
April\四月(with_Dr_Aris_Thorne).txt,meta-llama_Llama-3.1-8B-Instruct,Comprehensive Analyst,7.944731,1.9482536
April\四月(with_Guo_Xi).txt,meta-llama_Llama-3.1-8B-Instruct,General Descriptive Profile,-13.261071,-5.132005
April\四月(with_John_Ruskin).txt,meta-llama_Llama-3.1-8B-Instruct,Theory & Comparison Focused,0.23192936,-1.7418607
April\四月(with_Mama_Zola).txt,meta-llama_Llama-3.1-8B-Instruct,General Descriptive Profile,-13.025858,-4.879311
April\四月(with_Okakura_Kakuzō).txt,meta-llama_Llama-3.1-8B-Instruct,Comprehensive Analyst,19.55516,1.7252237
April\四月(with_Professor_Elena_Petrova).txt,meta-llama_Llama-3.1-8B-Instruct,General Descriptive Profile,-13.350452,-4.936834
April\四月(with_Su_Shi).txt,meta-llama_Llama-3.1-8B-Instruct,Theory & Comparison Focused,0.17116173,-1.5065762
August\八月_仲秋(basic).txt,meta-llama_Llama-3.1-8B-Instruct,Comprehensive Analyst,10.003152,5.1492558
August\八月_仲秋(with_Brother_Thomas).txt,meta-llama_Llama-3.1-8B-Instruct,General Descriptive Profile,-12.86429,-4.871456
August\八月_仲秋(with_Dr_Aris_Thorne).txt,meta-llama_Llama-3.1-8B-Instruct,Comprehensive Analyst,8.25287,1.8975652
August\八月_仲秋(with_Guo_Xi).txt,meta-llama_Llama-3.1-8B-Instruct,General Descriptive Profile,-12.607069,-4.777942
August\八月_仲秋(with_John_Ruskin).txt,meta-llama_Llama-3.1-8B-Instruct,Comprehensive Analyst,21.81774,-1.4990104
August\八月_仲秋(with_Mama_Zola).txt,meta-llama_Llama-3.1-8B-Instruct,General Descriptive Profile,-13.2675705,-4.830519
August\八月_仲秋(with_Okakura_Kakuzō).txt,meta-llama_Llama-3.1-8B-Instruct,General Descriptive Profile,-13.2481365,-5.033398
August\八月_仲秋(with_Professor_Elena_Petrova).txt,meta-llama_Llama-3.1-8B-Instruct,Comprehensive Analyst,19.550468,1.7256694
August\八月_仲秋(with_Su_Shi).txt,meta-llama_Llama-3.1-8B-Instruct,General Descriptive Profile,-13.164605,-4.924164
December\十二月(basic).txt,meta-llama_Llama-3.1-8B-Instruct,General Descriptive Profile,-13.538773,-5.59332
December\十二月(with_Brother_Thomas).txt,meta-llama_Llama-3.1-8B-Instruct,Comprehensive Analyst,19.81366,1.5022889
December\十二月(with_Dr_Aris_Thorne).txt,meta-llama_Llama-3.1-8B-Instruct,General Descriptive Profile,-13.079752,-5.234812
December\十二月(with_Guo_Xi).txt,meta-llama_Llama-3.1-8B-Instruct,General Descriptive Profile,-13.640399,-4.9892025
December\十二月(with_John_Ruskin).txt,meta-llama_Llama-3.1-8B-Instruct,General Descriptive Profile,-13.318537,-5.272449
December\十二月(with_Mama_Zola).txt,meta-llama_Llama-3.1-8B-Instruct,General Descriptive Profile,-12.692024,-4.885643
December\十二月(with_Okakura_Kakuzō).txt,meta-llama_Llama-3.1-8B-Instruct,General Descriptive Profile,-12.187042,-5.4631176
December\十二月(with_Professor_Elena_Petrova).txt,meta-llama_Llama-3.1-8B-Instruct,General Descriptive Profile,-13.203498,-5.248887
December\十二月(with_Su_Shi).txt,meta-llama_Llama-3.1-8B-Instruct,Comprehensive Analyst,8.65371,1.8406117
February\二月(basic).txt,meta-llama_Llama-3.1-8B-Instruct,General Descriptive Profile,-13.13558,-5.1625514
February\二月(with_Brother_Thomas).txt,meta-llama_Llama-3.1-8B-Instruct,Comprehensive Analyst,20.664703,1.3098409
February\二月(with_Dr_Aris_Thorne).txt,meta-llama_Llama-3.1-8B-Instruct,Comprehensive Analyst,18.033384,2.925092
February\二月(with_Guo_Xi).txt,meta-llama_Llama-3.1-8B-Instruct,Comprehensive Analyst,20.691,1.342215
February\二月(with_John_Ruskin).txt,meta-llama_Llama-3.1-8B-Instruct,General Descriptive Profile,-13.411214,-5.307267
February\二月(with_Mama_Zola).txt,meta-llama_Llama-3.1-8B-Instruct,Comprehensive Analyst,9.623478,3.7735145
February\二月(with_Okakura_Kakuzō).txt,meta-llama_Llama-3.1-8B-Instruct,General Descriptive Profile,-13.170786,-5.5270333
February\二月(with_Professor_Elena_Petrova).txt,meta-llama_Llama-3.1-8B-Instruct,Theory & Comparison Focused,0.539246,-0.82862496
February\二月(with_Su_Shi).txt,meta-llama_Llama-3.1-8B-Instruct,Comprehensive Analyst,10.218485,4.0680223
January\一月_正月(basic).txt,meta-llama_Llama-3.1-8B-Instruct,General Descriptive Profile,-12.8838005,-6.015262
January\一月_正月(with_Brother_Thomas).txt,meta-llama_Llama-3.1-8B-Instruct,General Descriptive Profile,-12.982741,-5.3406315
January\一月_正月(with_Dr_Aris_Thorne).txt,meta-llama_Llama-3.1-8B-Instruct,General Descriptive Profile,-13.14594,-5.8755093
January\一月_正月(with_Guo_Xi).txt,meta-llama_Llama-3.1-8B-Instruct,General Descriptive Profile,-13.119607,-5.81518
January\一月_正月(with_John_Ruskin).txt,meta-llama_Llama-3.1-8B-Instruct,General Descriptive Profile,-12.944082,-5.843452
January\一月_正月(with_Mama_Zola).txt,meta-llama_Llama-3.1-8B-Instruct,General Descriptive Profile,-13.427394,-5.5132766
January\一月_正月(with_Okakura_Kakuzō).txt,meta-llama_Llama-3.1-8B-Instruct,Comprehensive Analyst,8.566165,3.5083477
January\一月_正月(with_Professor_Elena_Petrova).txt,meta-llama_Llama-3.1-8B-Instruct,Comprehensive Analyst,17.382856,3.2292438
January\一月_正月(with_Su_Shi).txt,meta-llama_Llama-3.1-8B-Instruct,Comprehensive Analyst,8.849936,1.7499981
July\七月(basic).txt,meta-llama_Llama-3.1-8B-Instruct,General Descriptive Profile,-13.265047,-5.7754846
July\七月(with_Brother_Thomas).txt,meta-llama_Llama-3.1-8B-Instruct,General Descriptive Profile,-13.525397,-5.501118
July\七月(with_Dr_Aris_Thorne).txt,meta-llama_Llama-3.1-8B-Instruct,General Descriptive Profile,-13.079863,-5.4777045
July\七月(with_Guo_Xi).txt,meta-llama_Llama-3.1-8B-Instruct,General Descriptive Profile,-13.256572,-5.6235123
July\七月(with_John_Ruskin).txt,meta-llama_Llama-3.1-8B-Instruct,Comprehensive Analyst,19.58351,1.6833302
July\七月(with_Mama_Zola).txt,meta-llama_Llama-3.1-8B-Instruct,General Descriptive Profile,-13.409941,-5.689685
July\七月(with_Okakura_Kakuzō).txt,meta-llama_Llama-3.1-8B-Instruct,Historically Focused,-4.69571,5.56012
July\七月(with_Professor_Elena_Petrova).txt,meta-llama_Llama-3.1-8B-Instruct,Comprehensive Analyst,20.355743,1.3356082
July\七月(with_Su_Shi).txt,meta-llama_Llama-3.1-8B-Instruct,Comprehensive Analyst,18.556303,2.6630118
June\六月(basic).txt,meta-llama_Llama-3.1-8B-Instruct,General Descriptive Profile,-13.263607,-5.6295986
June\六月(with_Brother_Thomas).txt,meta-llama_Llama-3.1-8B-Instruct,General Descriptive Profile,-12.968994,-5.8280025
June\六月(with_Dr_Aris_Thorne).txt,meta-llama_Llama-3.1-8B-Instruct,Historically Focused,-4.0969815,6.3441963
June\六月(with_Guo_Xi).txt,meta-llama_Llama-3.1-8B-Instruct,Historically Focused,-5.8304825,3.9133422
June\六月(with_John_Ruskin).txt,meta-llama_Llama-3.1-8B-Instruct,General Descriptive Profile,-13.145713,-4.6525407
June\六月(with_Mama_Zola).txt,meta-llama_Llama-3.1-8B-Instruct,General Descriptive Profile,-12.908989,-6.0102754
June\六月(with_Okakura_Kakuzō).txt,meta-llama_Llama-3.1-8B-Instruct,Theory & Comparison Focused,0.20027721,-1.6233703
June\六月(with_Professor_Elena_Petrova).txt,meta-llama_Llama-3.1-8B-Instruct,General Descriptive Profile,-12.399459,-5.6711106
June\六月(with_Su_Shi).txt,meta-llama_Llama-3.1-8B-Instruct,General Descriptive Profile,-12.116573,-5.2996626
March\三月(basic).txt,meta-llama_Llama-3.1-8B-Instruct,Comprehensive Analyst,18.03697,2.9417555
March\三月(with_Brother_Thomas).txt,meta-llama_Llama-3.1-8B-Instruct,General Descriptive Profile,-13.014902,-6.027754
March\三月(with_Dr_Aris_Thorne).txt,meta-llama_Llama-3.1-8B-Instruct,General Descriptive Profile,-12.304518,-5.883916
March\三月(with_Guo_Xi).txt,meta-llama_Llama-3.1-8B-Instruct,General Descriptive Profile,-12.237595,-5.776468
March\三月(with_John_Ruskin).txt,meta-llama_Llama-3.1-8B-Instruct,General Descriptive Profile,-7.721386,2.8759942
March\三月(with_Mama_Zola).txt,meta-llama_Llama-3.1-8B-Instruct,General Descriptive Profile,-12.717774,-5.988745
March\三月(with_Okakura_Kakuzō).txt,meta-llama_Llama-3.1-8B-Instruct,Comprehensive Analyst,18.947433,2.411682
March\三月(with_Professor_Elena_Petrova).txt,meta-llama_Llama-3.1-8B-Instruct,General Descriptive Profile,-12.178595,-4.8326197
March\三月(with_Su_Shi).txt,meta-llama_Llama-3.1-8B-Instruct,Comprehensive Analyst,9.580213,6.1409154
May\五月_龙舟竞渡(basic).txt,meta-llama_Llama-3.1-8B-Instruct,General Descriptive Profile,-12.905556,-4.700605
May\五月_龙舟竞渡(with_Brother_Thomas).txt,meta-llama_Llama-3.1-8B-Instruct,General Descriptive Profile,-13.342221,-5.8660164
May\五月_龙舟竞渡(with_Dr_Aris_Thorne).txt,meta-llama_Llama-3.1-8B-Instruct,Comprehensive Analyst,22.601566,-2.2300959
May\五月_龙舟竞渡(with_Guo_Xi).txt,meta-llama_Llama-3.1-8B-Instruct,General Descriptive Profile,-13.4717655,-4.266613
May\五月_龙舟竞渡(with_John_Ruskin).txt,meta-llama_Llama-3.1-8B-Instruct,General Descriptive Profile,-12.13059,-5.2299128
May\五月_龙舟竞渡(with_Mama_Zola).txt,meta-llama_Llama-3.1-8B-Instruct,General Descriptive Profile,-13.445071,-5.3004417
May\五月_龙舟竞渡(with_Okakura_Kakuzō).txt,meta-llama_Llama-3.1-8B-Instruct,General Descriptive Profile,-13.309479,-5.542481
May\五月_龙舟竞渡(with_Professor_Elena_Petrova).txt,meta-llama_Llama-3.1-8B-Instruct,General Descriptive Profile,-12.277217,-5.5251393
May\五月_龙舟竞渡(with_Su_Shi).txt,meta-llama_Llama-3.1-8B-Instruct,Comprehensive Analyst,22.220793,-0.7266239
November\十一月(basic).txt,meta-llama_Llama-3.1-8B-Instruct,Comprehensive Analyst,7.7470384,2.5369914
November\十一月(with_Brother_Thomas).txt,meta-llama_Llama-3.1-8B-Instruct,Comprehensive Analyst,8.446033,11.0545635
November\十一月(with_Dr_Aris_Thorne).txt,meta-llama_Llama-3.1-8B-Instruct,Comprehensive Analyst,9.097656,4.9699917
November\十一月(with_Guo_Xi).txt,meta-llama_Llama-3.1-8B-Instruct,General Descriptive Profile,-13.164614,-5.8679304
November\十一月(with_John_Ruskin).txt,meta-llama_Llama-3.1-8B-Instruct,General Descriptive Profile,-12.25836,-5.708949
November\十一月(with_Mama_Zola).txt,meta-llama_Llama-3.1-8B-Instruct,General Descriptive Profile,-12.792789,-4.7885237
November\十一月(with_Okakura_Kakuzō).txt,meta-llama_Llama-3.1-8B-Instruct,General Descriptive Profile,-12.154255,-5.6454268
November\十一月(with_Professor_Elena_Petrova).txt,meta-llama_Llama-3.1-8B-Instruct,General Descriptive Profile,-12.310285,-5.321523
November\十一月(with_Su_Shi).txt,meta-llama_Llama-3.1-8B-Instruct,General Descriptive Profile,-12.456964,-6.011028
october\十月_开冬农闲(basic).txt,meta-llama_Llama-3.1-8B-Instruct,Comprehensive Analyst,18.440403,2.7329528
october\十月_开冬农闲(with_Brother_Thomas).txt,meta-llama_Llama-3.1-8B-Instruct,General Descriptive Profile,-12.068416,-5.0252266
october\十月_开冬农闲(with_Dr_Aris_Thorne).txt,meta-llama_Llama-3.1-8B-Instruct,General Descriptive Profile,-12.676552,-4.6784706
october\十月_开冬农闲(with_Guo_Xi).txt,meta-llama_Llama-3.1-8B-Instruct,Comprehensive Analyst,17.387226,3.2252884
october\十月_开冬农闲(with_John_Ruskin).txt,meta-llama_Llama-3.1-8B-Instruct,General Descriptive Profile,-12.60526,-4.6588073
october\十月_开冬农闲(with_Mama_Zola).txt,meta-llama_Llama-3.1-8B-Instruct,General Descriptive Profile,-13.153017,-4.5687294
october\十月_开冬农闲(with_Okakura_Kakuzō).txt,meta-llama_Llama-3.1-8B-Instruct,General Descriptive Profile,-13.320091,-4.832663
october\十月_开冬农闲(with_Professor_Elena_Petrova).txt,meta-llama_Llama-3.1-8B-Instruct,Comprehensive Analyst,18.256811,2.7840881
october\十月_开冬农闲(with_Su_Shi).txt,meta-llama_Llama-3.1-8B-Instruct,General Descriptive Profile,-12.39708,-4.5578136
September\九月(basic).txt,meta-llama_Llama-3.1-8B-Instruct,General Descriptive Profile,-13.383131,-4.3311124
September\九月(with_Brother_Thomas).txt,meta-llama_Llama-3.1-8B-Instruct,General Descriptive Profile,-12.029887,-5.2110186
September\九月(with_Dr_Aris_Thorne).txt,meta-llama_Llama-3.1-8B-Instruct,Theory & Comparison Focused,1.7095058,-1.6554438
September\九月(with_Guo_Xi).txt,meta-llama_Llama-3.1-8B-Instruct,General Descriptive Profile,-13.0589285,-5.9833775
September\九月(with_John_Ruskin).txt,meta-llama_Llama-3.1-8B-Instruct,Comprehensive Analyst,22.18957,-0.5803268
September\九月(with_Mama_Zola).txt,meta-llama_Llama-3.1-8B-Instruct,Comprehensive Analyst,20.112844,1.4043442
September\九月(with_Okakura_Kakuzō).txt,meta-llama_Llama-3.1-8B-Instruct,General Descriptive Profile,-7.7822046,2.8432763
September\九月(with_Professor_Elena_Petrova).txt,meta-llama_Llama-3.1-8B-Instruct,Comprehensive Analyst,8.045377,1.5902127
September\九月(with_Su_Shi).txt,meta-llama_Llama-3.1-8B-Instruct,Comprehensive Analyst,21.921898,-0.1667228
April\四月(basic).txt,meta-llama_Llama-4-Scout-17B-16E-Instruct,Comprehensive Analyst,21.92994,-0.16945481
April\四月(with_Brother_Thomas).txt,meta-llama_Llama-4-Scout-17B-16E-Instruct,Comprehensive Analyst,10.278741,4.0967927
April\四月(with_Dr_Aris_Thorne).txt,meta-llama_Llama-4-Scout-17B-16E-Instruct,Comprehensive Analyst,21.836395,-1.515084
April\四月(with_Guo_Xi).txt,meta-llama_Llama-4-Scout-17B-16E-Instruct,Comprehensive Analyst,9.036147,6.1865497
April\四月(with_John_Ruskin).txt,meta-llama_Llama-4-Scout-17B-16E-Instruct,Comprehensive Analyst,8.731001,5.939516
April\四月(with_Mama_Zola).txt,meta-llama_Llama-4-Scout-17B-16E-Instruct,Comprehensive Analyst,8.796114,10.113984
April\四月(with_Okakura_Kakuzō).txt,meta-llama_Llama-4-Scout-17B-16E-Instruct,Comprehensive Analyst,8.849133,5.8067594
April\四月(with_Professor_Elena_Petrova).txt,meta-llama_Llama-4-Scout-17B-16E-Instruct,Comprehensive Analyst,8.367738,1.2691115
April\四月(with_Su_Shi).txt,meta-llama_Llama-4-Scout-17B-16E-Instruct,Comprehensive Analyst,8.474183,11.242228
August\八月(basic).txt,meta-llama_Llama-4-Scout-17B-16E-Instruct,Comprehensive Analyst,18.05483,2.9187608
August\八月(with_Brother_Thomas).txt,meta-llama_Llama-4-Scout-17B-16E-Instruct,Comprehensive Analyst,8.720601,4.7311463
August\八月(with_Dr_Aris_Thorne).txt,meta-llama_Llama-4-Scout-17B-16E-Instruct,Comprehensive Analyst,18.529272,2.6877658
August\八月(with_Guo_Xi).txt,meta-llama_Llama-4-Scout-17B-16E-Instruct,Comprehensive Analyst,9.463558,6.193375
August\八月(with_John_Ruskin).txt,meta-llama_Llama-4-Scout-17B-16E-Instruct,Comprehensive Analyst,8.458147,10.62831
August\八月(with_Mama_Zola).txt,meta-llama_Llama-4-Scout-17B-16E-Instruct,Comprehensive Analyst,21.7934,-1.5476984
August\八月(with_Okakura_Kakuzō).txt,meta-llama_Llama-4-Scout-17B-16E-Instruct,Comprehensive Analyst,8.51008,10.546096
August\八月(with_Professor_Elena_Petrova).txt,meta-llama_Llama-4-Scout-17B-16E-Instruct,Comprehensive Analyst,8.555477,8.325575
August\八月(with_Su_Shi).txt,meta-llama_Llama-4-Scout-17B-16E-Instruct,Comprehensive Analyst,8.498513,10.171757
December\十二月(basic).txt,meta-llama_Llama-4-Scout-17B-16E-Instruct,Comprehensive Analyst,8.593146,3.4052598
December\十二月(with_Brother_Thomas).txt,meta-llama_Llama-4-Scout-17B-16E-Instruct,General Descriptive Profile,-12.683948,-4.4339366
December\十二月(with_Dr_Aris_Thorne).txt,meta-llama_Llama-4-Scout-17B-16E-Instruct,General Descriptive Profile,-13.315929,-5.7993155
December\十二月(with_Guo_Xi).txt,meta-llama_Llama-4-Scout-17B-16E-Instruct,Comprehensive Analyst,18.282112,2.7789
December\十二月(with_John_Ruskin).txt,meta-llama_Llama-4-Scout-17B-16E-Instruct,Comprehensive Analyst,8.7332,11.872452
December\十二月(with_Mama_Zola).txt,meta-llama_Llama-4-Scout-17B-16E-Instruct,Comprehensive Analyst,18.574362,2.6709225
December\十二月(with_Okakura_Kakuzō).txt,meta-llama_Llama-4-Scout-17B-16E-Instruct,Comprehensive Analyst,20.018019,1.4383239
December\十二月(with_Professor_Elena_Petrova).txt,meta-llama_Llama-4-Scout-17B-16E-Instruct,Comprehensive Analyst,9.200726,2.5140076
December\十二月(with_Su_Shi).txt,meta-llama_Llama-4-Scout-17B-16E-Instruct,Comprehensive Analyst,10.077863,5.2258835
February\二月(basic).txt,meta-llama_Llama-4-Scout-17B-16E-Instruct,General Descriptive Profile,-13.614588,-5.625519
February\二月(with_Brother_Thomas).txt,meta-llama_Llama-4-Scout-17B-16E-Instruct,Comprehensive Analyst,10.224072,4.8746977
February\二月(with_Dr_Aris_Thorne).txt,meta-llama_Llama-4-Scout-17B-16E-Instruct,Historically Focused,-4.889619,5.3728857
February\二月(with_Guo_Xi).txt,meta-llama_Llama-4-Scout-17B-16E-Instruct,Comprehensive Analyst,18.994276,2.358585
February\二月(with_John_Ruskin).txt,meta-llama_Llama-4-Scout-17B-16E-Instruct,Comprehensive Analyst,8.741268,11.905038
February\二月(with_Mama_Zola).txt,meta-llama_Llama-4-Scout-17B-16E-Instruct,Comprehensive Analyst,21.753124,-1.4893777
February\二月(with_Okakura_Kakuzō).txt,meta-llama_Llama-4-Scout-17B-16E-Instruct,Comprehensive Analyst,9.533691,3.7485433
February\二月(with_Professor_Elena_Petrova).txt,meta-llama_Llama-4-Scout-17B-16E-Instruct,Comprehensive Analyst,7.5610957,3.6074588
February\二月(with_Su_Shi).txt,meta-llama_Llama-4-Scout-17B-16E-Instruct,Comprehensive Analyst,9.226214,4.503295
January\一月(basic).txt,meta-llama_Llama-4-Scout-17B-16E-Instruct,Theory & Comparison Focused,1.6737868,-1.6189218
January\一月(with_Brother_Thomas).txt,meta-llama_Llama-4-Scout-17B-16E-Instruct,Comprehensive Analyst,22.409729,-1.32734
January\一月(with_Dr_Aris_Thorne).txt,meta-llama_Llama-4-Scout-17B-16E-Instruct,Comprehensive Analyst,8.822621,10.162616
January\一月(with_Guo_Xi).txt,meta-llama_Llama-4-Scout-17B-16E-Instruct,Comprehensive Analyst,22.528938,-1.6993406
January\一月(with_John_Ruskin).txt,meta-llama_Llama-4-Scout-17B-16E-Instruct,Historically Focused,-4.749539,5.503835
January\一月(with_Mama_Zola).txt,meta-llama_Llama-4-Scout-17B-16E-Instruct,Comprehensive Analyst,9.237916,5.0717974
January\一月(with_Okakura_Kakuzō).txt,meta-llama_Llama-4-Scout-17B-16E-Instruct,Comprehensive Analyst,10.1548605,4.3030496
January\一月(with_Professor_Elena_Petrova).txt,meta-llama_Llama-4-Scout-17B-16E-Instruct,Comprehensive Analyst,9.441227,2.716567
January\一月(with_Su_Shi).txt,meta-llama_Llama-4-Scout-17B-16E-Instruct,Comprehensive Analyst,22.22082,-0.63615227
July\七月(basic).txt,meta-llama_Llama-4-Scout-17B-16E-Instruct,Comprehensive Analyst,22.699938,-2.011265
July\七月(with_Brother_Thomas).txt,meta-llama_Llama-4-Scout-17B-16E-Instruct,Comprehensive Analyst,9.311348,3.9673977
July\七月(with_Dr_Aris_Thorne).txt,meta-llama_Llama-4-Scout-17B-16E-Instruct,Comprehensive Analyst,8.264402,9.928632
July\七月(with_Guo_Xi).txt,meta-llama_Llama-4-Scout-17B-16E-Instruct,Comprehensive Analyst,8.451101,8.420053
July\七月(with_John_Ruskin).txt,meta-llama_Llama-4-Scout-17B-16E-Instruct,General Descriptive Profile,-13.443808,-4.899217
July\七月(with_Mama_Zola).txt,meta-llama_Llama-4-Scout-17B-16E-Instruct,Comprehensive Analyst,10.192832,3.9208949
July\七月(with_Okakura_Kakuzō).txt,meta-llama_Llama-4-Scout-17B-16E-Instruct,Comprehensive Analyst,18.162434,2.8482738
July\七月(with_Professor_Elena_Petrova).txt,meta-llama_Llama-4-Scout-17B-16E-Instruct,Comprehensive Analyst,19.907166,1.4941368
July\七月(with_Su_Shi).txt,meta-llama_Llama-4-Scout-17B-16E-Instruct,Comprehensive Analyst,8.831363,11.856951
June\六月(basic).txt,meta-llama_Llama-4-Scout-17B-16E-Instruct,Comprehensive Analyst,8.473695,10.384737
June\六月(with_Brother_Thomas).txt,meta-llama_Llama-4-Scout-17B-16E-Instruct,Comprehensive Analyst,8.829908,10.09058
June\六月(with_Dr_Aris_Thorne).txt,meta-llama_Llama-4-Scout-17B-16E-Instruct,Comprehensive Analyst,8.662351,3.618878
June\六月(with_Guo_Xi).txt,meta-llama_Llama-4-Scout-17B-16E-Instruct,Comprehensive Analyst,21.847897,-0.06646507
June\六月(with_John_Ruskin).txt,meta-llama_Llama-4-Scout-17B-16E-Instruct,Comprehensive Analyst,8.809613,10.198578
June\六月(with_Mama_Zola).txt,meta-llama_Llama-4-Scout-17B-16E-Instruct,Comprehensive Analyst,7.3606153,3.9455664
June\六月(with_Okakura_Kakuzō).txt,meta-llama_Llama-4-Scout-17B-16E-Instruct,General Descriptive Profile,-12.344158,-5.935779
June\六月(with_Professor_Elena_Petrova).txt,meta-llama_Llama-4-Scout-17B-16E-Instruct,Historically Focused,-5.85957,3.9209335
June\六月(with_Su_Shi).txt,meta-llama_Llama-4-Scout-17B-16E-Instruct,Comprehensive Analyst,7.8312526,5.172896
March\三月(basic).txt,meta-llama_Llama-4-Scout-17B-16E-Instruct,Comprehensive Analyst,8.472553,10.998745
March\三月(with_Brother_Thomas).txt,meta-llama_Llama-4-Scout-17B-16E-Instruct,Comprehensive Analyst,19.592262,1.6681299
March\三月(with_Dr_Aris_Thorne).txt,meta-llama_Llama-4-Scout-17B-16E-Instruct,Comprehensive Analyst,8.547463,10.152387
March\三月(with_Guo_Xi).txt,meta-llama_Llama-4-Scout-17B-16E-Instruct,Comprehensive Analyst,18.518887,2.6491644
March\三月(with_John_Ruskin).txt,meta-llama_Llama-4-Scout-17B-16E-Instruct,Comprehensive Analyst,9.0838375,6.8691173
March\三月(with_Mama_Zola).txt,meta-llama_Llama-4-Scout-17B-16E-Instruct,Comprehensive Analyst,8.638686,9.977114
March\三月(with_Okakura_Kakuzō).txt,meta-llama_Llama-4-Scout-17B-16E-Instruct,Comprehensive Analyst,8.834589,6.2492747
March\三月(with_Professor_Elena_Petrova).txt,meta-llama_Llama-4-Scout-17B-16E-Instruct,Comprehensive Analyst,8.829613,10.097106
March\三月(with_Su_Shi).txt,meta-llama_Llama-4-Scout-17B-16E-Instruct,Comprehensive Analyst,20.816082,1.1509074
May\五月(basic).txt,meta-llama_Llama-4-Scout-17B-16E-Instruct,Comprehensive Analyst,9.123744,6.844117
May\五月(with_Brother_Thomas).txt,meta-llama_Llama-4-Scout-17B-16E-Instruct,Comprehensive Analyst,22.590252,-1.9874089
May\五月(with_Dr_Aris_Thorne).txt,meta-llama_Llama-4-Scout-17B-16E-Instruct,Technique & Style Focused,-5.130097,5.330744
May\五月(with_Guo_Xi).txt,meta-llama_Llama-4-Scout-17B-16E-Instruct,Comprehensive Analyst,18.147152,2.8564832
May\五月(with_John_Ruskin).txt,meta-llama_Llama-4-Scout-17B-16E-Instruct,Comprehensive Analyst,8.67488,10.277605
May\五月(with_Mama_Zola).txt,meta-llama_Llama-4-Scout-17B-16E-Instruct,Comprehensive Analyst,10.175715,5.0332294
May\五月(with_Okakura_Kakuzō).txt,meta-llama_Llama-4-Scout-17B-16E-Instruct,Comprehensive Analyst,9.247487,4.221761
May\五月(with_Professor_Elena_Petrova).txt,meta-llama_Llama-4-Scout-17B-16E-Instruct,General Descriptive Profile,-12.283918,-4.6771827
May\五月(with_Su_Shi).txt,meta-llama_Llama-4-Scout-17B-16E-Instruct,Comprehensive Analyst,8.159345,1.3528686
November\十一月(basic).txt,meta-llama_Llama-4-Scout-17B-16E-Instruct,Comprehensive Analyst,8.722671,11.972607
November\十一月(with_Brother_Thomas).txt,meta-llama_Llama-4-Scout-17B-16E-Instruct,General Descriptive Profile,-8.383699,2.4982016
November\十一月(with_Dr_Aris_Thorne).txt,meta-llama_Llama-4-Scout-17B-16E-Instruct,General Descriptive Profile,-12.884617,-6.1046104
November\十一月(with_Guo_Xi).txt,meta-llama_Llama-4-Scout-17B-16E-Instruct,Historically Focused,-5.0818553,5.328878
November\十一月(with_John_Ruskin).txt,meta-llama_Llama-4-Scout-17B-16E-Instruct,Comprehensive Analyst,9.149906,4.1466126
November\十一月(with_Mama_Zola).txt,meta-llama_Llama-4-Scout-17B-16E-Instruct,Comprehensive Analyst,8.283605,9.95527
November\十一月(with_Okakura_Kakuzō).txt,meta-llama_Llama-4-Scout-17B-16E-Instruct,Comprehensive Analyst,20.550148,1.2535261
November\十一月(with_Professor_Elena_Petrova).txt,meta-llama_Llama-4-Scout-17B-16E-Instruct,Comprehensive Analyst,8.608589,12.147023
November\十一月(with_Su_Shi).txt,meta-llama_Llama-4-Scout-17B-16E-Instruct,Comprehensive Analyst,17.34721,3.2639532
october\十月(basic).txt,meta-llama_Llama-4-Scout-17B-16E-Instruct,Comprehensive Analyst,8.522296,8.364134
october\十月(with_Brother_Thomas).txt,meta-llama_Llama-4-Scout-17B-16E-Instruct,Comprehensive Analyst,8.939614,6.842868
october\十月(with_Dr_Aris_Thorne).txt,meta-llama_Llama-4-Scout-17B-16E-Instruct,Comprehensive Analyst,10.063775,3.8611066
october\十月(with_Guo_Xi).txt,meta-llama_Llama-4-Scout-17B-16E-Instruct,Comprehensive Analyst,22.381067,-1.2697994
october\十月(with_John_Ruskin).txt,meta-llama_Llama-4-Scout-17B-16E-Instruct,Comprehensive Analyst,9.199664,5.0347567
october\十月(with_Mama_Zola).txt,meta-llama_Llama-4-Scout-17B-16E-Instruct,Comprehensive Analyst,8.6232815,9.8290825
october\十月(with_Okakura_Kakuzō).txt,meta-llama_Llama-4-Scout-17B-16E-Instruct,Comprehensive Analyst,9.115592,6.8292665
october\十月(with_Professor_Elena_Petrova).txt,meta-llama_Llama-4-Scout-17B-16E-Instruct,General Descriptive Profile,-11.952984,-5.334623
october\十月(with_Su_Shi).txt,meta-llama_Llama-4-Scout-17B-16E-Instruct,Comprehensive Analyst,8.469209,11.041112
September\九月(basic).txt,meta-llama_Llama-4-Scout-17B-16E-Instruct,Comprehensive Analyst,9.468504,3.7906137
September\九月(with_Brother_Thomas).txt,meta-llama_Llama-4-Scout-17B-16E-Instruct,Comprehensive Analyst,8.910739,4.804043
September\九月(with_Dr_Aris_Thorne).txt,meta-llama_Llama-4-Scout-17B-16E-Instruct,Comprehensive Analyst,19.761452,1.5569557
September\九月(with_Guo_Xi).txt,meta-llama_Llama-4-Scout-17B-16E-Instruct,Comprehensive Analyst,9.028499,6.4046326
September\九月(with_John_Ruskin).txt,meta-llama_Llama-4-Scout-17B-16E-Instruct,Comprehensive Analyst,9.3522415,2.5683644
September\九月(with_Mama_Zola).txt,meta-llama_Llama-4-Scout-17B-16E-Instruct,Comprehensive Analyst,7.35289,3.8552158
September\九月(with_Okakura_Kakuzō).txt,meta-llama_Llama-4-Scout-17B-16E-Instruct,Comprehensive Analyst,21.798542,-1.503578
September\九月(with_Professor_Elena_Petrova).txt,meta-llama_Llama-4-Scout-17B-16E-Instruct,Comprehensive Analyst,8.895422,1.9975784
September\九月(with_Su_Shi).txt,meta-llama_Llama-4-Scout-17B-16E-Instruct,Technique & Style Focused,-5.170102,5.303611
