file_id,text_preview,source_type,persona_id,tsne_x,tsne_y,umap_x,umap_y,original_filename,score_stance,score_Comprehensive_Analyst,score_Historically_Focused,score_Technique_and_Style_Focused,score_Theory_and_Comparison_Focused,score_General_Descriptive_Profile,proportion_Comprehensive_Analyst,proportion_Historically_Focused,proportion_Technique_and_Style_Focused,proportion_Theory_and_Comparison_Focused,proportion_General_Descriptive_Profile,primary_profile_by_proportion,primary_profile_or_status
乔迅（Jonathan Hay）_清初中国的绘画与现代性\1.1_石涛画像.txt,"石涛画像：

“就体形而言，他的身高一般，在1674年及1690年的画像中，他是一个稍蓄胡须的赢瘦男子...在我们关注的五十几岁到六十几岁这段期间，石涛总形容自己是个健壮的大胡子...”
“自画像显示石涛为僧期间身着白衣，有时戴着垂到肩上、遮住光头的黑色罩头...然而，他在迁至大涤堂后却明显改为道士装束（头上戴的或许是道冠）。”
“由于出生在西南偏远的广西省，并在中国中南方的湖北省度过童年，石涛可...",human_expert,human_expert,8.686501,8.605301,10.405689,1.9216536,,0.6117416620254517,0.513768990779971,0.8405991494655609,0.504228095315835,0.0,0.6929684267404245,0.2013544858849452,0.32944458037259705,0.1976152526195303,0.0,0.2715856811229275,Historically_Focused,
乔迅（Jonathan Hay）_清初中国的绘画与现代性\1.2_1700年左右的扬州.txt,"1700年左右的扬州：

“在1696年末或1697年初，石涛终于搬进城内...石涛住在运河边的西州路上...这幢小楼位于大东门（旧城东墙的北门）外拥挤的低级住宅区，挤在城墙和运河之间...这幢房子并不太大，只有三四个房间。”（大涤堂）
“扬州是个兼具商业和行政两种性质的城市...扬州城的位置是在长江北岸...联系中国南北方的交通动脉大运河也环绕其周围。”
“这个城市分为东、西两半部，在石涛当时分...",human_expert,human_expert,-9.423284,-6.5730214,-0.17355022,7.778555,,0.1630236804485321,0.0,0.0,0.0,0.0,0.03954395265312227,0.0,0.0,0.0,0.0,1.0,General_Descriptive_Profile,
乔迅（Jonathan Hay）_清初中国的绘画与现代性\1.3_江南的绘画与现代性.txt,"江南的绘画与现代性：

早期现代阶段被定义为“一段夹在16世纪晚期、17世纪时愈益商业化、货币化、城市化，与19世纪晚期、20世纪时急速工业化浪潮之间的时期”。特征包括“远距交易总量的激增”、“区域专业化现象”、“急速的人口成长”、“制造关系和工作组织的重大变化”以及“白银作为主要货币”。
柯律格（Craig Clunas）强调“品味创造”在江南新兴商品经济中的重要性，认为“品味便起作用了...也...",human_expert,human_expert,8.903873,8.914833,10.463755,2.060935,,0.7542005777359009,0.5262988324348743,0.9125185708204906,0.47964073136156676,0.0,0.7790037725061019,0.19510890257434482,0.3382878432540067,0.17781186458834022,0.0,0.28879138958330836,Historically_Focused,
乔迅（Jonathan Hay）_清初中国的绘画与现代性\1.4_现代性地理志.txt,"现代性地理志：

研究方法：“将‘主体性’的各种组成，以及他作品中的艺术价值，视为以视觉与文字论述（及反论述）交会而成的广大论述领域（discursive field）中的主题地标。”
主体性与价值的现代性特征：“石涛画作在不同方面都参与了现代西方社会所谓的公私交界的‘意见’（opinion）或社会论争的论述空间。”
自主性期望：“石涛的艺术以其实用主义，甚至（有时是）投机主义，为脱离国家、市场和...",human_expert,human_expert,-1.5363618,-2.0590377,4.193378,7.7613516,,0.8802211284637451,0.0,0.1129446029663086,0.12496236738036659,0.0,0.6637553787406753,0.0,0.12526263637450258,0.1385910895656802,0.0,0.7361462740598173,General_Descriptive_Profile,
乔迅（Jonathan Hay）_清初中国的绘画与现代性\10.1_画家的欲望.txt,"石涛梦境：“尝梦过一桥，遇洗菜女子，引入一大院观画，其奇变不可纪。又梦登雨花台，手掬六日吞之，而书画每因之变，若神授然。” “绘画与欲望间具有达致的共同关联重要。”
扬州消费社会与欲望：“张潮的关系链——搭配大醉、性爱欲望、物质主义、气的规范——勾勒出欲望在扬州消费社会的中心地位...袁启旭...申述...自制令本色埋没，而纵欲则使本色借缺点、错误、狂热而显现。”
食物与欲望：“石涛不仅在酒的作用...",human_expert,human_expert,-3.468406,-2.6195312,3.8969562,8.479558,,0.473011314868927,0.0,0.0,0.22494943794958727,0.0,0.39753666068775884,0.0,0.0,0.36137262895028993,0.0,0.63862737104971,General_Descriptive_Profile,
乔迅（Jonathan Hay）_清初中国的绘画与现代性\10.2_属于自己的时刻.txt,"“情韵是他作为明代诗人画家传统的一部分，其承传可上溯至沈周...（图145跋）‘诗中画性情中来者也...画中诗乃境趣时生者也...’”
专注与安全感：“‘安’字，有着稳定、和平、安宁、静止和休养等意义...‘安’也可指经济保障...” “专注借由向心力量而加强了从容内敛与无限持续的孤寂...虽则短暂，却使那一时刻转变为心灵家园。”
专注的图像：（图204儿童放风筝）“‘纸上传得春消息，若到花时，何...",human_expert,human_expert,5.1336455,-1.0262812,6.3188467,6.9958744,,0.3715243339538574,0.0,0.5077262885040708,0.38602385110422666,0.0,0.4187356500243917,0.0,0.38684326528682833,0.2941165947497678,0.0,0.3190401399634038,Historically_Focused,
乔迅（Jonathan Hay）_清初中国的绘画与现代性\10.3_大限.txt,"李磷挽诗：“往日招寻惯，孤栖失两城。里言难众喻，狂赏出心诚。从此西州路，含愁那忍行？”
石涛对死亡的关注：“贯穿大涤堂时期不断的病痛，令他经常恐惧死亡将至...‘群狮心惊久已’、‘将谓苦瓜根欲断之矣’...（1701年）他总结道：‘此十年之内，知交数辈，学太白之歌，颇不寂寞云。’”
临终前的创作：“石涛对丧礼的深切关注...石涛1707年秋天不断以图像寻求终结的背后，是关于身后的焦虑驱使他对完成自...",human_expert,human_expert,5.1768484,8.940987,8.791616,1.9249669,,0.2500731348991394,0.5046081508581455,0.7960383792718251,0.42877322730480455,0.4148706793785095,0.3642473854124546,0.20115628570049782,0.31733162331414544,0.1709255581103293,0.16538346589903477,0.14520306697599258,Historically_Focused,
乔迅（Jonathan Hay）_清初中国的绘画与现代性\2.1_山水中的人物.txt,"山水中的人物：

“石涛画中主宰山水的代表人物通常是他自己、他的朋友及顾客，即使未加以特别标识，这些人物通常也可被解读为精英阶层分子...这群人还可以缩小至城市精英的界线内...”    
“（非精英阶层）常以两种角色出现：若非家仆，便是船夫、搬运工、导游、赶骡的人及挑夫等使17世纪晚期中国交通运输流畅的人。”    
“清初在阶级方面的语汇宛如种姓制度般...关键的差异在于其介于自由与不自由的劳...",human_expert,human_expert,-0.26957574,2.761405,5.305711,6.845798,,0.7208245396614075,0.0,0.7183232977986336,0.37082027939020423,0.4278496305147807,0.6537565446911968,0.0,0.33091022906079554,0.17082589966029374,0.19709762953687693,0.3011662417420337,Historically_Focused,
乔迅（Jonathan Hay）_清初中国的绘画与现代性\2.2_自传式的指涉.txt,"自传式的指涉：

“石涛不完全属于上述四种基本分类的任何一种。他一直以僧人姿态在清初社会闯荡，直到1696年脱离僧伽为止。宗教人物的社会地位并不容易放入...世俗阶级中；这可由宗教人士通常被称呼为‘方外’得到证实。”    
“如同其老师旅庵本月与师祖木陈道（闵麟嗣）等先辈，石涛原属佛教人士中的知识精英，在某种程度上是穿着僧袍的文人。”    
“石涛一生经常清楚地以‘遗世’僧人的身份面对其观众....",human_expert,human_expert,9.477287,7.8294644,10.594356,2.1244109,,0.6475233435630798,0.3184362202882767,0.8175810451308887,0.1385728520615136,0.0,0.6140281540306812,0.16860803746934483,0.4328990444832572,0.0733726100990335,0.0,0.32512030794836444,Historically_Focused,
乔迅（Jonathan Hay）_清初中国的绘画与现代性\2.3_休闲及其寂静.txt,"休闲及其寂静：

石涛山水画空间的社会地理学区域划分：“它的第一个区域——我称之为‘休闲区域’——是一个非现实意义上某个可居的城镇或乡村...第二个区域更深入旷野，一点农作也没有。这里属于奇境...第三个区域则是可以由一地到另一地且不属于任何人的道路和运河、河流和湖泊、渡口和关隘...（第四个区域）城镇的都市型山水景致...在其山水视界形成一个特殊的社会地理学区域。”    
“其中以‘士’为典型...",human_expert,human_expert,-1.6497277,0.35625398,4.848181,7.2115226,,0.6848286986351013,0.0,0.33249982529216343,0.17710082445512798,0.43295182784398395,0.5980638113211502,0.0,0.21582260792976984,0.11495453198158095,0.2810250877910811,0.38819777229756813,General_Descriptive_Profile,
乔迅（Jonathan Hay）_清初中国的绘画与现代性\2.4_朝代转换之间的野逸.txt,"朝代转换之间的野逸：

“伴随清朝主体性（subjecthood）的强制性加诸其上，与此相应的可见记号也跟着出现——所有中国人都被命令穿着满族的服饰...更可怕的是必须薙掉前额的头发，留着一条猪尾巴似的辫子...”    
“石涛山水空间中曲折的政治意涵无论如何都比简单的种族分类标记复杂许多...《对菊图》...确实是将菊花（寒香）当作‘残存’的象征，即最后一代残存的明遗民...《清湘大涤子三十六...",human_expert,human_expert,-1.6153035,0.19829354,4.8203306,7.3525243,,0.6178016066551208,0.0,0.2594625949859619,0.3197192408655788,0.32539031902949017,0.5427843152027438,0.0,0.17926654583645446,0.2208987540208896,0.2248169858325615,0.3750177143100945,General_Descriptive_Profile,
乔迅（Jonathan Hay）_清初中国的绘画与现代性\2.5_模棱两可的士人.txt,"模棱两可的士人：

以《南山翠屏》为例：“画中右前方令人印象深刻的住宅群中，可以看到吴与桥与石涛正在亭台上谈天...画家头戴隐士的黑色盖头，与之相对的便是顶着官帽的吴与桥。”    
“完成这幅画的每个步骤（或看似如此）都显示了士绅的价值观，然而，探察其情境将可发现，那些士绅价值已被转化成截然不同的东西。溪南吴氏几个世纪以来都是徽州的商人世家大族...（石涛）小心翼翼地遮掩这个家族所积聚的商业财富...",human_expert,human_expert,7.05906,9.805489,9.398982,1.6018618,,0.5261036157608032,0.6055682912850991,0.9189999202887218,0.48080791272953444,0.4400481979052226,0.6571083146740089,0.19518514780027324,0.2962095899858541,0.15497271713236463,0.14183515514840203,0.21179738993310604,Historically_Focused,
乔迅（Jonathan Hay）_清初中国的绘画与现代性\2.6_文人生活的场景营造.txt,"文人生活的场景营造：

以《秋林人醉》为例：“石涛营造的是文人社交生活的一幕。” 画作描绘了石涛与友人（苏辟、萧差）及其他文人在扬州北郊宝城饮酒游乐的情景，将文人生活场景化。    
顾客网络：“石涛所依赖的两个不太相同却非绝然相异的顾客网络。第一个是由活跃于扬州、经营独占性盐业的徽商家族所撑起...（第二个是）在职或离职的官员。”“我们处理的是一个共享的论述，通过这样的论述，精英阶层中纷杂的分子...",human_expert,human_expert,-1.099423,-1.863753,4.5099373,7.623013,,0.8935732841491699,0.0,0.3618125915527344,0.263869823274367,0.0,0.7436728759203106,0.0,0.26422112215687454,0.1926963915481302,0.0,0.5430824862949952,General_Descriptive_Profile,
乔迅（Jonathan Hay）_清初中国的绘画与现代性\3.1_感时论世的对话空间.txt,"“石涛基本上并非政治型画家，然其出身与经历却使之无所逃于政治。或许因为如此，当石涛在画作里直接注入其政治观察时，几乎都出自他的皇族身份或个人观点；只有少数几件存世作品例外地展现他对一般政治论述的关怀。”
“新王朝欲将此循环论述制度化，便于前朝的残迹上修纂断代史，借此将自己的政权合法化...政治记忆的掌控对国家而言至为关键...”
“满清入关后五十年，政治记忆愈加分歧...关于这些事件究竟该如何被记...",human_expert,human_expert,1.2296515,1.925108,6.2305717,6.615685,,0.4154008626937866,0.0,0.5956939061482747,0.07790431324392556,0.23602779706319174,0.41484322072938085,0.0,0.44976046964628075,0.05881926967931333,0.17820557128595974,0.31321468938844615,Historically_Focused,
乔迅（Jonathan Hay）_清初中国的绘画与现代性\3.2_费氏先莹.txt,"“历史的私有化遂成就了石涛最著名的实景画《费氏先莹图》（图31）。费密（1625—1701）是扬州最杰出的知识分子之一...此画原由费密委制...”
石涛跋文：“此图先生生前乞予为先莹图，孝子之用心也...三数月后而先生之讣闻于我矣。令子（费锡璜）匍伏携草稿请速成之，以副先君子之志...”
石涛诗：“故家生世旧成都，丘墓新繁万里余。豆俎淹留徒往事，兵戈阻绝走鸿儒...”
“画面上却不见任何人物或鸟...",human_expert,human_expert,5.293125,3.8893754,9.815559,3.9108567,,0.2732125520706177,0.20078882575035095,0.518413308593962,0.34839815678549746,0.0,0.3378386726194525,0.1428655608171773,0.36886220032707834,0.2478927692854639,0.0,0.2403794695702805,Historically_Focused,
乔迅（Jonathan Hay）_清初中国的绘画与现代性\3.3_黄又的游旅.txt,"“江都黄燕思又，有砚癖，自号砚旅。好游...尤好钞忠烈遗事...”
“黄又对历史的兴趣无疑解释了他对明宗室画家八大与石涛的兴趣。”
“当黄又欲以图画记其远游时，自然便想起本身也是萍踪四处的石涛。”
《黄砚旅度岭图》（图33）：“此处的岭指的是位于江西与广东边界的庾岭，乃通往南方的隘口之一...山水的安排上，其风格与质量皆指向石涛...人物与马匹，则流露出专业肖像画家的笔致...”
乔寅跋文揭示黄又...",human_expert,human_expert,4.322277,7.902199,8.788763,2.3616815,,0.2711260020732879,0.4517934551605811,0.5698085526625316,0.37103755614336803,0.44954673449198407,0.4315914523708111,0.19869728032821424,0.25059993328491104,0.1631811007069824,0.19770917994427054,0.18981250573562175,Historically_Focused,
乔迅（Jonathan Hay）_清初中国的绘画与现代性\3.4_1705年的洪水.txt,"1705年背景：“夏初之际城里却款待了第五次南巡的康熙皇帝...地方商贾与官吏花费大笔金额，修筑皇帝途经扬州时的行宫...皇太子在扬州的荒淫之行...夏末时，江苏北部区域又惨遭严重的洪灾...”
“由于天灾往往被视为上天的吉凶预兆，有些人便将洪水与南巡事件相联系。当洪水于1705年秋天消退时，石涛便作《淮扬洁秋图》以记其事，并在画上题诗中对王朝命运作了一番思考。”（图41）
题诗节选：“天爱生民民...",human_expert,human_expert,-7.6507344,-7.0626273,0.9076017,8.258144,,0.2633768320083618,0.0,0.0,0.0,0.0,0.06669225412256578,0.0,0.0,0.0,0.0,1.0,General_Descriptive_Profile,
乔迅（Jonathan Hay）_清初中国的绘画与现代性\4.1_追溯石涛早年至1692年的人生历程.txt,"“石涛在四十五岁那年（1686）辞别南方友人，启程至北京...他在临走前作了一首诗《生平行》，诗里朝气昂扬，铺陈着自己的未来，也预设着自我的成功...”
“然六十岁（1701）那年春节，他又作了一组诗，与《生平行》适成强烈对比...回顾那不遇的、破碎的、却未尝一语道破的梦想，石涛都承认他一生的宿命是自己也参与写就的故事。”
“早期现代（early modern）的人们多将其（宿命）视为生命的潜在可...",human_expert,human_expert,-9.401482,-7.281049,-0.54766744,7.843237,,0.1681073755025863,0.0,0.0,0.0,0.0,0.010651397354462539,0.0,0.0,0.0,0.0,1.0,General_Descriptive_Profile,
乔迅（Jonathan Hay）_清初中国的绘画与现代性\4.2_从清湘到宣城.txt,"“于1642年诞生于中国西南方桂林（或是全州）的靖江王府...其本名唤作朱若极...1645年，全家便遭屠杀...仍在襁褓的石涛则为家中仆人带出...藏身寺庙中...就以原济石涛的僧人身份度过他的童年及成年后大部分的时间。”
“到了十或十一岁（1651—1652...），他被带离此地...到达武昌。石涛与其保护者（原亮喝涛）在一处名称待考的寺庙避居七年。根据李磷所书的传记，石涛便是在武昌开始读书习...",human_expert,human_expert,-8.443394,-6.988274,0.41590264,8.123079,,0.2140120416879654,0.0,0.0,0.0,0.0,0.05727563178126904,0.0,0.0,0.0,0.0,1.0,General_Descriptive_Profile,
乔迅（Jonathan Hay）_清初中国的绘画与现代性\4.3_从宣城到北京.txt,"“1678年夏天...他受邀到南京城南郊的西天寺...1680年，石涛正式脱离与广教寺的关系...转入位在南京城南墙外更为重要的长干寺（又名报恩寺）...他在那里享有属于自己的朴素禅堂‘一枝阁’。”
“1680—1682年间，他在‘一枝阁’过着刻苦严谨、与世隔绝的生活...‘淮水东流止，钟山当槛蹲。月明人静后，孤影历霜痕。’...位于南京城钟山的明孝陵埋葬着明朝开国君主朱元璋的尸骨，这皇室孤儿遂得...",human_expert,human_expert,7.2889743,5.062125,9.625532,3.0227466,,0.2070237696170807,0.26292409747838974,0.7711697891354561,0.24736149887389997,0.0,0.3696001631252586,0.15924606394937066,0.46707682838611314,0.14982021597135237,0.0,0.22385689169316392,Historically_Focused,
乔迅（Jonathan Hay）_清初中国的绘画与现代性\4.4_自传式的艺术形态.txt,"“石涛生在一个自传体裁才刚开始日趋普及与复杂的时代...石涛自传手法的广度与强度则使他成为这方面的代表人物。”
诗歌：“其一是记录某时感受的感怀诗，其二是标记生平重要事件且具有昭告天下之目的的应景诗...（前者）成为庞大的日记诗库...（后者）石涛只将它们用在原本的传记情境中...”
书法、名款、印章：“石涛总是以各种不同的书体与书法风格抄录这些诗作...石涛的落款与印章亦带有自传性色彩...反复...",human_expert,human_expert,6.871472,6.7961807,10.497859,2.8707957,,0.3980887830257416,0.3847163626989285,0.6166326039367251,0.442883839604317,0.0,0.5079992800941042,0.19706487020267838,0.3158602956345448,0.22686023998097973,0.0,0.260214594181797,Historically_Focused,
乔迅（Jonathan Hay）_清初中国的绘画与现代性\5.1_扬州及邻近区域.txt,"石涛1692年南返，“在扬州静慧园老家结束这次南归之旅，但他应该随即便启程前赴喝涛尚在的南京...1692年冬季在南京的短暂居停...石涛的新取向可以通过他回到扬州静慧园后、作于1693年初的一组四首诗篇而加以探索...诗中云：‘淮水到门封大树，江云敛蜀忆王孙...飞来一片帝城霞，天上瓜星识苦瓜...寂寞空王不问家...看予掷笔破南华。’”诗中宣示了道教将在其人生规划中占有一席之地。
“绘画成为其...",human_expert,human_expert,3.2431185,1.0733966,7.6123576,7.394489,,0.2244690060615539,0.15602859109640121,0.4544649124145508,0.2095775084241348,0.0,0.3084963957684483,0.1382536745535616,0.40269186343004404,0.1857022513618336,0.0,0.2733522106545608,Historically_Focused,
乔迅（Jonathan Hay）_清初中国的绘画与现代性\5.2_石涛与八大山人.txt,"“石涛最早提到八大，是在...1694年秋天给黄律的册页中...”
“石涛与八大的‘非直接’接触可能始于1696年春天后不久，某位...收藏家邀八大山人书写陶潜的《桃花源记》，然后再送到扬州请石涛补图...石涛在完成的画上未书纪年的题跋所见，他显然对这次接触兴奋万分，并热切地申明他们之间的特殊渊源：‘山人书与画，妙绝海内...千里同风，一堂快乐。’”
“自1696年开始，两位画家在程京萼的努力下更...",human_expert,human_expert,1.6709255,-0.11960897,7.500782,7.8588805,,0.1758104264736175,0.0,0.35449198881785077,0.16616236198255244,0.0,0.19370623616710858,0.0,0.4962367679363204,0.2326029249288767,0.0,0.2711603071348029,Historically_Focused,
乔迅（Jonathan Hay）_清初中国的绘画与现代性\5.3_靖江后人.txt,名款与印章的转变：“他在迁入大涤堂以后，小心翼翼、步步为营地改变过去使用的名字...（约1697年）增添了一枚足以揭露旧印秘密的‘赞之十世孙阿长’...此印...确定石涛是明太祖兄长朱兴隆的后裔。” “最早公开自己的宗室名称‘朱若极’的实例出现在约1701年末至1702年初：早期似乎只用于极少数特定场合的签款‘极’和‘若极’。约莫同时（最早例子为1702年），他也开始使用一方硕大触目并较为常见的印...,human_expert,human_expert,3.039376,-0.12238785,7.2505827,7.4631066,,0.2026982903480529,0.0,0.4029478049940533,0.2804426998338278,0.0,0.30073407091285015,0.0,0.4094479651529507,0.2849666665653015,0.0,0.30558536828174776,Historically_Focused,
乔迅（Jonathan Hay）_清初中国的绘画与现代性\5.4_宗室遗孤.txt,"“石涛在六十之年渴望身世的回归，确保生命在周期往复中完成为一个整体...揭开这段往事...就是接受了宗室遗孤的角色。石涛晚年在扬州的岁月，甚至在印鉴或署款中自称‘零丁老人’...可解释为‘像孤儿般被遗弃的老人’。”
“宗室遗孤是中国宫廷故事中一个重要的象征主题...石涛的‘遗孤’角色在他探索自己不为人知的过往，宗室遗孤换上不同的外表，成为孤独的幸存者、历史的见证人、命途多舛的受害者...”
故乡意...",human_expert,human_expert,-1.7061048,1.2564654,4.840538,7.05068,,0.7667769193649292,0.4566841481778866,0.2410313288370768,0.3188232913613319,0.44258485237757367,0.6705876699543587,0.21443476877376086,0.1131755885826772,0.14970258774150952,0.20781448373239064,0.31487257116966183,General_Descriptive_Profile,
乔迅（Jonathan Hay）_清初中国的绘画与现代性\6.1_职业画僧.txt,"李磷《大涤子传》记石涛少年南游：“怀奇负气，遇不平事，辄为排解；得钱即散去，无所蓄。” 暗示早年可能已用诗书画才能谋生。
陈鼎记述石涛在武昌：“弱冠即工书法，善画、工诗。南越人得其片纸尺幅，宝若照乘。然不轻以与人，有道之士，勿求可致，儿（原文如此，应为‘富儿’）虽贿百镒，彼闭目掉头...” 表明其有选择地出售作品。
与徽州太守曹鼎望（1667年始）：“正逢太守划长啸...诗题索向日边篆...” 石...",human_expert,human_expert,4.6791224,0.34078822,7.2439013,6.673287,,0.2201146930456161,0.0,0.5204178525341882,0.38029946448171836,0.0,0.35608957560464016,0.0,0.4140794067806819,0.3025918036531153,0.0,0.28332878956620283,Historically_Focused,
乔迅（Jonathan Hay）_清初中国的绘画与现代性\6.2_清初的职业文人.txt,"“石涛的职业历程以17世纪晚期的读书人来说并非罕见...它从属于一个明亡以后文人大量进入职业绘画领域的宏观现象...”
“由于出任政府公职的正常管道遭受剥夺，1644年后文人将晚明的风潮推向高峰，转向书画...谢伯（Jerome Silbergeld）以‘职业化文人’（literati professional）称呼这群人...”
“他们（职业文人）有些从事新近发明、词意具有文化独占性的文人画形式...",human_expert,human_expert,6.4519014,-0.3572153,6.607866,6.6330066,,0.4365317225456238,0.0,0.7097700759768486,0.2564874363296172,0.0,0.4224180370808285,0.0,0.5111129639245181,0.18469932479388976,0.0,0.304187711281592,Historically_Focused,
乔迅（Jonathan Hay）_清初中国的绘画与现代性\6.3_画家与赞助人.txt,"张潮《幽梦影》对话：“文人每好鄙薄富人，然于诗文之佳者，又往往以金玉珠玑锦绣誉之，则又何也？...文人注定要出卖自己的文化技能，而这种技能的市场是以富人...为中心。”
赞助群体：“石涛在扬州的职业生涯深受这些群体（徽商、陕商、晋商、地方士绅、官员）影响...他的顾客大多为徽商家族...（也）在地方士绅之间培养出一批可观的爱好者...经营地方官员这片园地...他的顾客层面广泛延伸至官僚、徽商家族以...",human_expert,human_expert,8.34714,8.236885,10.388533,2.0340087,,0.4791558086872101,0.5174241870805458,0.8440420031547546,0.44331135800948324,0.0,0.6270162430915602,0.2127746969845686,0.34708617406697473,0.18229808776914028,0.0,0.2578410411793164,Historically_Focused,
乔迅（Jonathan Hay）_清初中国的绘画与现代性\6.4_生产策略.txt,"健康问题：“抱恙是他信札中不断出现的主题...疾病使他的工作中断，反而加重痊愈时的压力，导致其健康状况更坏。”
储备成品：“在手边常备一些适用于作为礼品的画，让不速之客从中挑选合意的作品...这些储备画作虽然无从稽考，但...有几个例子可以证实。”（如为张景节选册页后加题，图98；《唐人诗意册》末开仅落款）“石涛余暇间自娱之作”也可能成为储备（如《因病得闲作山水册》）。
速写风格：“发展出一种速写...",human_expert,human_expert,7.1820807,6.069688,9.950721,2.8886645,,0.3147833347320556,0.3343229339672969,0.7532052372892697,0.3432140108124882,0.0,0.42809245054844147,0.17985620027776436,0.40520292879881015,0.18463934595902995,0.0,0.23030152496439565,Historically_Focused,
乔迅（Jonathan Hay）_清初中国的绘画与现代性\6.5_弟子身兼赞助人.txt,"教学活动：“职业画家的另一项可观收入有时来自教学...（石涛）广收弟子，而且全是歙县人士。”（列举了程浚四子、吴基先、王觉士、洪正治等）
弟子兼赞助人：“有些弟子...同时也是他的主要赞助人，其余则巩固他与富家的联系...” （例：程浚家，程哲获赠画多于其弟程鸣，图106, 109；洪正治收藏石涛多幅作品，图130）。
与早期弟子联系：“与几位早期的弟子保持联络...首推北京的博尔都，在1692年...",human_expert,human_expert,-9.155583,-7.6412373,-0.521102,7.7380576,,0.170792281627655,0.0,0.0,0.0,0.0,0.012230753898620593,0.0,0.0,0.0,0.0,1.0,General_Descriptive_Profile,
乔迅（Jonathan Hay）_清初中国的绘画与现代性\7.1_扬州绘画市场.txt,"“扬州绘画全貌较诸18世纪仍然相对模糊...城市对于职业文人所作文人画风的需求...在第六章初步列举的二十七位城中画家名单之中，已有概略的叙述。”
“与传统文人画仅一步之遥，存在一个既有人文特性并且要求工艺技巧的广大绘画市场...描绘古代文化名人的山水人物画十分普遍...当地画家萧晨被公认为这个画类的大师...”
“肖像画则依然自成一个蓬勃的市场...扬州17世纪末的文集给人们如此印象：任何一个具...",human_expert,human_expert,5.379361,-0.8204693,6.237986,6.9475822,,0.3709757030010223,0.0,0.539555225107405,0.36114710090207114,0.0,0.42050818074992635,0.0,0.40837945380164925,0.2733456168070252,0.0,0.3182749293913256,Historically_Focused,
乔迅（Jonathan Hay）_清初中国的绘画与现代性\7.2_自况画.txt,"经济价值基础：“文人的自我是一个道德资本的储存库，通过行动、苦难或自律而逐渐累积，化约成绘画上的美感形式，并得到经济上的回报...野逸、遗民、奇士绘画在明亡之后的经济活力更甚于士大夫画...就石涛和其他相关画家的情况，道德品格与艺术家的‘奇’、‘异’是不可分割的。”
生平展示：“石涛对其生平事迹的公开展示已到了当时其他画家无可比拟的程度...他实际上把过去看待成现实的另一面，并为此创作不懈...（...",human_expert,human_expert,5.702337,5.199612,9.929074,3.607494,,0.290984958410263,0.31057997006219584,0.5345910125308566,0.42660689203470353,0.0,0.4075919352571434,0.18493840262823494,0.31832834518294484,0.25402796306308634,0.0,0.24270528912573397,Historically_Focused,
乔迅（Jonathan Hay）_清初中国的绘画与现代性\7.3_装饰画.txt,"屏风与连屏：“莫过于以他致江世栋信中所抱怨的屏风及连屏为起点...现存石涛晚期的连屏画...《写竹通景》，以纸本水墨描绘代表美德的图像：竹、石、兰、芭蕉等（见图95）...这类作品正如人们所料，一直是其产品中的主要商机。”
绢本山水：“石涛也对江世栋表明他厌恶作绢本画...石涛相对少数的现存绢本几乎都是大幅中堂山水...无论用北宗手法创作自己的绢本作品，或选择虚饰卖弄的南宗画风，抑或仍然自觉地混合...",human_expert,human_expert,-3.9937942,-4.5633955,2.9047954,8.410089,,0.4849834442138672,0.0,0.0,0.0,0.0,0.28296412690853906,0.0,0.0,0.0,0.0,1.0,General_Descriptive_Profile,
乔迅（Jonathan Hay）_清初中国的绘画与现代性\7.4_纪念画.txt,"肖像画：“在肖像画这个特定领域...石涛似乎情愿寻求专业肖像画家（...蒋恒）在写真上的帮助，而自己只限于背景部分。”例子包括为洪正治（图27）、黄又（图33）、吴与桥（图28）所作肖像。
宅邸或别号图：“纪念画的一种相关形式是描绘顾客的宅邸...石涛曾（隐喻地）再现了李骥与李彭年分别在扬州与南昌的书斋，及老友吴震伯的徽州家园...正如他描绘吴与桥位于徽州祖宅的例子中所见，山水和画主人的名号联系在...",human_expert,human_expert,5.605682,4.9422655,9.923322,3.7054315,,0.3509101867675781,0.3014645203948021,0.517622345023685,0.32609568042498005,0.0,0.405960294836385,0.19434994153257537,0.3337038546345711,0.21022930440245932,0.0,0.26171689943039433,Historically_Focused,
乔迅（Jonathan Hay）_清初中国的绘画与现代性\7.5_幻象与价值.txt,"石涛论价值与技巧：“画有至理，原非肤浅。小者愈小，大者愈大。……不使此理了然于心，了然于腕，终是结塞不畅，雕虫小技，欲角胜艺苑，真堪喷饭。欧阳公云：‘文章如精金美玉，市有定价，非以口舌贵贱也。’知言哉！”
幻觉技巧与市场：“他将幻象的技巧抽离作为名气的基础，从而间接建立起幻觉技巧（illusionism）和经济价值之间的关联...适用于扬州市场。这个可称之为‘炫耀式幻觉技巧’的不仅是李袁派山水的本...",human_expert,human_expert,6.077171,9.302075,9.039858,1.5785202,,0.2555789947509765,0.5411601137001436,0.9211024989684422,0.48974401930383604,0.3359178304672241,0.4567912597866619,0.1971643581584453,0.33559122043477524,0.178431600525315,0.1223871119865021,0.16642570889496236,Historically_Focused,
乔迅（Jonathan Hay）_清初中国的绘画与现代性\8.1_清初画坛.txt,"多层画坛：“清初画坛并非孤立、封闭的系统，对艺术生产来说，是包含地方、区域、区间、中央层面的高度分化与流畅的互动结构。石涛在这些不同脉络当中的经历之广，令人刮目。”
地方交往：“（宣城时期）可以重组的画家圈有梅清、梅庚、徐敦（半山）、高咏、蔡瑶、吕无隐、王掞之楚...（南京时期）他与程邃、陈舒、戴本孝、王槩为友...（扬州时期）可见黄笙（1622—1696）、李国宋、王熹儒...画家桑、汪巢林.....",human_expert,human_expert,-6.340427,-6.5515423,1.4906616,8.513754,,0.3441912233829498,0.0,0.0,0.0,0.0,0.11423013140173517,0.0,0.0,0.0,0.0,1.0,General_Descriptive_Profile,
乔迅（Jonathan Hay）_清初中国的绘画与现代性\8.2_经世致用的伦理观.txt,"文人身份困境：“像石涛这类画家，唯有成为企业家兼独立工匠才得以生存，但基于文人身份的束缚，他们否认自己是商人，也不承认自己是工匠。”
“画师”称谓的争议：“明清时期，‘画师’常被用来指称作坊出身的画家...对董其昌来说，‘文人’与‘画师’是互不相容的概念...龚贤发明了‘画家’，作为自己及其他类似者与‘画师’的区别...也有职业文人...（如萧云从）接受‘画师’一词...石涛在1699年以‘画师’...",human_expert,human_expert,-2.9382725,-3.4324257,3.6265678,8.093346,,0.5987139940261841,0.0,0.0,0.04800133071839809,0.0,0.4179739805316941,0.0,0.0,0.10301260508764476,0.0,0.8969873949123552,General_Descriptive_Profile,
乔迅（Jonathan Hay）_清初中国的绘画与现代性\8.3_石涛论技.txt,"能量（气）：“作书作画，无论先辈后学，皆以气胜。得之者精神灿烂，出之纸上；意懒则浅薄无神...” （图131跋）“此道见地透脱，只须放笔直扫。千岩万壑，纵目一览，望之若惊电奔云，屯屯自起。” （《画语录·运腕章》）“腕不虚则画非是，画非是则腕不灵。动之以旋，润之以转，居之以旷...用无不神而法无不贯也...” （《画语录·皴法章》）“为此三者，先要贯通一气...才见笔力...”
物质性：（《画语录...",human_expert,human_expert,4.2860923,7.0791335,8.815301,2.707154,,0.1938681602478027,0.3904749300235357,0.49410280254152084,0.39344284328467705,0.3074918786684672,0.33226200650361454,0.20360836895047896,0.25764385363556064,0.2051559509636214,0.16033787336214264,0.1732539530881963,Historically_Focused,
乔迅（Jonathan Hay）_清初中国的绘画与现代性\8.4_1703年为刘氏作山水大册.txt,"“1703年的几套画册，主要是为两组当代参照图像而构成的一项大型工程。首先，是包含对刚再版的《芥子园画传》初集山水卷的回应...（图149）仅仅把王槩一幅插图（图150）的构图反转...（石涛的册页）应视为更大事业的一部分，当中包括其他野心较小的同类作品和一部完整的画论，共同为石涛的思想观念传播画坛而提供途径。”
“另一组参照对象，立足于石涛针对董其昌流派，尤其是太仓和常熟人士的仿古绘画，而经过深...",human_expert,human_expert,-5.3946257,-4.571765,2.6573033,8.893607,,0.336950272321701,0.0,0.0,0.08704004709554068,0.0,0.25211469812149345,0.0,0.0,0.25663815212091884,0.0,0.7433618478790811,General_Descriptive_Profile,
乔迅（Jonathan Hay）_清初中国的绘画与现代性\9.1_禅师画家.txt,"师承背景：“石涛与其保护者...投身在强烈反对教条渊博与威权崇拜的临济门下...石涛在《生平行》中自述其侨寓松江的师父旅庵本月为‘中有至人证道要’...木陈与旅庵的例子对于石涛禅师角色的选择，必然影响深远。”
佛教题材再创作：“《白描十六尊者》卷（图155、156）...绘于1674年的《观音图》（图157）...此类将传统构图再诠释的作品，赋予图像全新的生命...体现了其信仰中基本的乐天主义。”...",human_expert,human_expert,2.5178711,-0.7274511,7.114971,7.7949734,,0.1871351599693298,0.0,0.31182836989561713,0.32757112766597785,0.0,0.27145578639512075,0.0,0.34234677603345315,0.3596302655708634,0.0,0.2980229583956835,Technique_and_Style_Focused,
乔迅（Jonathan Hay）_清初中国的绘画与现代性\9.2_方士画家.txt,"1706年梅花诗：“不会真忘俗，才逢笑发花。何尝栽大地？空被列仙家...”
早期的道教倾向：“他（石涛）早在1693年...为计划前往该处旅游的朋友描绘了以大涤山为中心的余杭山水图卷，后来更以此山做为自己名号（图174）...他将石青、石绿和草绿、赭石的交织，进一步暗示该地的神圣特质。” 绘李白峨嵋诗意（图175）。
大涤子时期道教绘画强化：“《游张公洞之图》（图176，图版8）...描写道教七十...",human_expert,human_expert,5.294309,4.411673,9.797922,3.9380085,,0.2298547923564911,0.28478216379880905,0.46540093753072953,0.4112876289469354,0.0,0.3020316135476936,0.19458948255229047,0.3180049143717977,0.2810297029468574,0.0,0.20637590012905452,Historically_Focused,
乔迅（Jonathan Hay）_清初中国的绘画与现代性\9.3_一与至人.txt,"画论的形成与版本：“石涛画论存世的最早证据是一件书扇，年代约为1697—1698年...（图185）...名为《画法背原》...最终在石涛逝世三年后的1710年，发行了写刻的印刷本...名为《画谱》（见图186）...最通行版本（《画语录》）...”
“一画”概念：（《画谱·一画章》）“太古无法，太朴不散，太朴一散，而法立矣。法于何立？立于一画。一画者，众有之本，万象之根；见用于神，藏用于人......",human_expert,human_expert,3.566194,-1.0268917,6.848776,7.3989954,,0.2602834403514862,0.0,0.39232325553894043,0.37086089586510373,0.0,0.36185780334918893,0.0,0.3487187778921477,0.3296418362872951,0.0,0.3216393858205571,Historically_Focused,
乔迅（Jonathan Hay）_清初中国的绘画与现代性\9.4_自主的哲学.txt,"时代背景：“其（石涛开示）社会意识的世俗化，亦即对王朝宇宙观质疑的发展...另一种宇宙观，我相信石涛的开示正根植于此...明末清初实学观念中一种全新的社会思想形式，其中的个人（‘身’）被设定为社会基本单元...”
新兴都市宇宙观：“‘身’在更高层次的社会结构中亦有同样的寓意...属于社群的‘身’便以近乎道家或医学的角度...被设定为由特殊社会功能和专业人员组成的有机体。”（劝善书、家训、对身体的关...",human_expert,human_expert,-2.0792463,-0.79030126,4.515508,7.547605,,0.7110207080841064,0.0,0.0,0.23562581052674966,0.288787841796875,0.6081864599756059,0.0,0.0,0.20803972025785727,0.2549777619310158,0.5369825178111269,General_Descriptive_Profile,
列文森（Joseph Levenson）_从绘画所见明代与清初社会中的业余爱好理想\1_引言.txt,当中国受蒙古人的异族统治时（元代，1279—1368），儒生重又处于社会地位相对低下的历史时期。到明代，才恢复成为四民之首。儒生作为统治阶层，自然希望社会稳定”。因此，在趣味上，他们不求变动，反对标新立异，也是情理之中的事。大体说来，儒生就像英国的斯威夫特（Swift 1667-1745），都是古典主义者。斯威夫特维护古代学问，反对现代学问；热衷于人文科学，讨厌自然科学；他对于把实用性作为判断价值...,human_expert,human_expert,6.53901,-0.481156,6.649321,6.526284,,0.4617839455604553,0.0,0.7379905929168065,0.3709670920582378,0.0,0.43500456539665,0.0,0.47798486830823894,0.2402695350672797,0.0,0.28174559662448145,Historically_Focused,
列文森（Joseph Levenson）_从绘画所见明代与清初社会中的业余爱好理想\2.1_明代的社会风格.txt,正如极端唯美主义的明代“八股文”所显示的，明人把做官当作一种业余活动的倾向，可能比以往任何一个朝代都要强烈。官员有正规的训练，但训练并不直接针对他们将要从事的专职。衙门胥吏在任何时候都只是雇来的帮手，不具备儒生合乎体统的领导地位；官僚机构由科举出身的高级官员把持，但这些统治阶级的精英却并不涉足专门知识。官府的威信就建立在这一事实之上。一个学者的纯文学修养是与专门的技术过程相脱离的，他因此有资格发号...,human_expert,human_expert,-8.515751,-2.7207286,3.502382,10.691054,,0.1405146718025207,0.0,0.04172945022583008,0.22610311410298534,0.0,0.11936117742549289,0.0,0.10777408239286386,0.5839534313714653,0.0,0.30827248623567083,Technique_and_Style_Focused,
列文森（Joseph Levenson）_从绘画所见明代与清初社会中的业余爱好理想\2.2_明代的绘画风格.txt,"明代的绘画风格

很早以前，宋代的王安石在一些改革措施中，曾试图使科举考试更切近实际，而不光是考那些诗文。王安石毫无疑问是-个儒家信徒，他要力图恢复儒家对政治的首要关心。虽然他那些最出色的同僚和同时代学者起初大都同意这一信念，但最终却离他而去。而一般的儒生更是从不宽恕他。这是否只因为他们认为王安石总的方案不现实？或因为他的三经新义值得商？还是因为这对他们的既得利益有直接的实质性的威胁？或者是他们也...",human_expert,human_expert,1.5444628,-1.6822169,6.3519354,8.025766,,0.302278071641922,0.0,0.23123398423194885,0.2725998574027828,0.0,0.2749104244425335,0.0,0.29693186108031816,0.3500505483988194,0.0,0.35301759052086235,General_Descriptive_Profile,
列文森（Joseph Levenson）_从绘画所见明代与清初社会中的业余爱好理想\3.1_绘画中的“南北宗”.txt,"因为绘画界的精英同时是知识界和社会上的领袖人物，所以就形成了一种思想流派，和业余爱好者的圈子。到了明末，“南画”这个美学上的术语已等同于“文人画”和“士大夫画”，而在社会学上它又是“缙绅”画的同义词。首先提出南北宗说的并不是反对以画谋生的董其昌，但使南北宗之分成为鉴赏家的准则的却正是他。这位晚明书画家与书画批评家是艺林的“百代宗师”，执画坛之牛耳，名声远及琉球、高丽。    

他从各派大师追溯南...",human_expert,human_expert,-7.248996,-6.4266396,1.0644444,8.557949,,0.2717660665512085,0.0,0.0,0.0,0.0,0.110423016790201,0.0,0.0,0.0,0.0,1.0,General_Descriptive_Profile,
列文森（Joseph Levenson）_从绘画所见明代与清初社会中的业余爱好理想\3.2_儒生对佛教美学的选择.txt,"儒生对佛教美学的选择    

这里有一个对理解明代文化真正具有重要意义的问题：明代儒生，那些在文学中最学究气的，一心死守书本知识的人们，而且这些书本知识主要是指在文明中人们的互相关系，怎么会去舍弃他们将其与学识联系在一起的那种绘画理论，转而出于明智的考虑去赞赏一种神秘抽象的反知识的理论？也许有人期望儒家传统主义者会对北宗院体画发生共鸣，反对南宗的禅画，因为他们寻求对社会上的人实施循序渐进的教育，...",human_expert,human_expert,5.314186,-2.0288732,5.9784102,6.9749475,,0.5411242246627808,0.0,0.4816567003726959,0.31702676177317013,0.0,0.49109387021252815,0.0,0.3734417471052721,0.24579960728064415,0.0,0.3807586456140838,General_Descriptive_Profile,
列文森（Joseph Levenson）_从绘画所见明代与清初社会中的业余爱好理想\3.3_性灵的成规化.txt,"性灵的成规化    

一个表面属于佛教的学说，一旦被儒学的精神所包容，其本身必然产生变化。明代美学真正的论并不在于两个互相对立的观念的调和，而是在于其中一个观念的自我矛盾。只要对立双方的一方自我否定，矛盾就能很容易地得到解决。从以上分析可见，受传统教育的士大夫画家对强调个人灵感的南宗绘画觉得如鱼得水，是因为南宗有一套产生灵感的法则。反职业化就其社会性而言对士大夫业余画家是至关重要的，但从学识方面...",human_expert,human_expert,7.69687,6.60613,10.031117,2.7553117,,0.2654461562633514,0.38884492103870094,0.8549052476882935,0.4451078600451057,0.0,0.4462240475384308,0.18212176728617083,0.40040861059804717,0.2084734188833911,0.0,0.20899620323239088,Historically_Focused,
列文森（Joseph Levenson）_从绘画所见明代与清初社会中的业余爱好理想\3.4_官与因循守旧的美学：从反面对这两者联系的一个肯定.txt,"官与因循守旧的美学：从反面对这两者联系的一个肯定    

17世纪活跃着三位古怪的画家，他们对于禅画的专注远比一般南宗画家要灵活自由，他们的作品不落案白，远胜于同时代画家。这三位画家就是僧人石涛、石溪以及八大山人。    

有人敬畏地称二石为“三生游胜者”。二石是画家，这也就是说，他们并不是一步步的循序渐进，而是豁然醒悟，一跌而达到绘画的颠峰。石溪在一幅画面题写道：“我像是和山川对话那样挥毫作...",human_expert,human_expert,-3.3614984,-2.2485142,4.0347915,8.472178,,0.5026752948760986,0.0,0.0,0.32199509075897575,0.0,0.4005645684061203,0.0,0.0,0.44563114847988466,0.0,0.5543688515201154,General_Descriptive_Profile,
列文森（Joseph Levenson）_从绘画所见明代与清初社会中的业余爱好理想\4.1_流派界限的模糊化.txt,"流派界限的模糊化    

道其昌的南北宗美学区别意味着性灵与知识、自然与书本之间的对立。不过南宗的即兴论由于它那些学问渊博的信徒的社会责任而变得随和起来，南北宗之间的紧张关系不可避免地缓和了。完全出于南宗的同情心，董其昌相信南北宗之间是有可能并始融合的。在某种程度上，真实不仅可以被把握，而且也可以学到。“读万卷书，行万里路，胸中脱去尘浊，自然丘壑内营”。    

甚至是石溪这位17世纪极端的南...",human_expert,human_expert,5.6068406,1.2597874,7.718359,6.2039914,,0.2292607426643371,0.0,0.6683535041908423,0.318387444142033,0.0,0.2794428847451261,0.0,0.5278487110091457,0.2514543590151962,0.0,0.22069692997565815,Historically_Focused,
列文森（Joseph Levenson）_从绘画所见明代与清初社会中的业余爱好理想\4.2_收藏家与鉴赏家.txt,"收藏家与鉴赏家    

从概念上讲，综合论（王晕当然并非如此）并不是艺术化的根源。不同目的的技法结合在一起，当然有可能表现真正的美学见识。但是明末清初的综合论总的说来并不是来自画家们适应古人画法所达到的新见识，而是来自收藏家们对绘画技法的强烈爱好。    

起先，综合论者所杂揉的绘画技法是各自存在的，因为画家从一定的方法来观察他的主题，并力图用笔法来传其神。但是在至17世纪支配中国画坛的折衷倾...",human_expert,human_expert,7.2269545,7.2390285,9.9619665,2.718081,,0.2684188187122345,0.461496723140334,0.8644005296130974,0.4740388246874014,0.0,0.3954539932310581,0.2102117201427875,0.3937343714725606,0.2159246463851973,0.0,0.18012926199945456,Historically_Focused,
列文森（Joseph Levenson）_从绘画所见明代与清初社会中的业余爱好理想\5.1_判断“衰落”的相对性.txt,"判断“衰落”的相对性    

美术史家们有时会让自已的课题逸出人世而钻进象牙之塔。在那里，变革的根本似乎来自美术自身，而不受画家的意志所支配。由此，我们确信17世纪荷兰风景画与布吕格尔（Breughel)全无相似之处，因为到17世纪，布吕格尔过份的风格主义的风景画传统已是强弩之末。或者，用同义反复来对付我们，按照这种同义反复，一旦一件美术品“触及它的风格的极限”，就“注定快要过时了”。从其“开出...",human_expert,human_expert,5.090378,6.6783895,8.968772,2.7866113,,0.2668326497077942,0.282627647156482,0.6029132041666243,0.39305478841358543,0.21999895572662354,0.3882791192973042,0.14978620187749972,0.31953023641707445,0.2083100661898037,0.11659442495044453,0.20577907056517752,Historically_Focused,
列文森（Joseph Levenson）_从绘画所见明代与清初社会中的业余爱好理想\5.2_民族主义：文化变革与做官的职业化.txt,"民族主义：文化变革与做官的职业化    

近代初期、受西方影响以前的中国画坛，产生于并且反映着一种较为广阔的社会制度环境。业余画家和南宗批评家都是反职业化的士大夫，他们高高在上的社会地位是其深受敬重的人文文化的标志，那不是技术专门化的文化。既然施行统治并不怎么依赖法律，而主要依赖榜样，当然人们就感到儒家的伦理知识特别适行政工作。但士大夫的教育不是职业教育，未能使他的行政专业化，还有一个重要原因：...",human_expert,human_expert,5.961654,8.196652,9.170569,2.1687827,,0.3082441091537475,0.38654196647169825,0.8067041859030724,0.4002543301705051,0.2533772389094035,0.44810742910772083,0.1684289618941429,0.3515073662700539,0.1744038866972278,0.11040474002514215,0.19525504511343328,Historically_Focused,
洪再辛_海外中国画研究文选（1950-1987）\导言.txt,"导言

中国传统的绘画史学发展到20世纪之后，开始输人了新的学术思想和方法。来自海外的中国绘画史研究逐渐受到国内学者的重视，不断产生积极的反响，推动这门学问走向科学化。伟大的爱国主义教育家蔡元培先生就曾为英人波西尔的《中国美术》中译本作序，倡导对中国画的系统研究；著名画家陈衡恪先生也很早译介日人大村西崖的《文人画之复兴》，并撰写了《文人画之价值》的名篇，把中外学者的研究互相发明参照，给“五四”新文...",human_expert,human_expert,-9.078366,-6.2737045,-0.04928553,7.9222407,,0.1634907573461532,0.0,0.0,0.0,0.0,0.07392749468233174,0.0,0.0,0.0,0.0,1.0,General_Descriptive_Profile,
聂崇正_清代宫廷绘画\1_清以前的宫廷绘画概述.txt,"古今中外，在皇室宫廷内召集畫家作畫的事例很多，但在具體做法上则不相同。根據史料記载，我國在商周時，宫廷的壁上就畫有圖，這些圖畫的作者都未能留下姓名，但“畫聖”的吴道子等都是宫廷師。

公元十世紀後期，中原地區繁，形成了五代十國的爭局面，地處四川的西蜀和江南的南唐，相對來比较穩定。許多中原地區的家爲躲避祸而逃往西蜀和南唐，相應地推動了這兩個地區繪畫的發展，再加上西蜀和南唐的統治者對於繪很有興趣，於是...",human_expert,human_expert,-9.719657,-7.5298877,-0.6264993,7.6383715,,0.1528605073690414,0.0,0.0,0.0,0.0,0.0016826513935537606,0.0,0.0,0.0,0.0,1.0,General_Descriptive_Profile,
聂崇正_清代宫廷绘画\2.1_绘画机构的设置.txt,"關於清朝宫廷繪機構的設置，目前學術界存在不同的看法。一種意見爲在清朝宫廷種意見爲清朝宫廷内有類似於前代畫院的機構，但名上有其自己的特點，如爲“作”、“院處”、“如意館”等。然對於以上名尚有歧见，但清朝宫廷微召有聚多的

關於康熙時清朝的宫廷繪未有專門機構設置的記載，雍正時設有“作”，隶内務府

The painting set up in Yongzheng’s reign was called ...",human_expert,human_expert,6.777374,4.1555557,9.16356,2.9741523,,0.1592839658260345,0.17414987087249756,0.72440501054128,0.36079140799302684,0.1479462186495463,0.30508519099517295,0.1017006183676406,0.42304043724846674,0.21069616136257038,0.08639812275731741,0.17816466026400476,Historically_Focused,
聂崇正_清代宫廷绘画\2.2_画家的工作场所与称谓.txt,"清代宫廷家和明代的宫廷家相似，都被分配在某一殿内供職，家不是固定於一處作，經常有更動。家在某宫殿作，就作“某某宫畫畫人”，調往别處，也隨之改變。在檔案中見於記载的有如下名：
慈寧宫畫畫人（雍正至乾隆初）
南薰殿畫畫人（乾隆）
啟祥宫畫畫人（乾隆）
如意館畫人（乾隆）
春雨舒和畫畫人（乾隆）
咸安宫畫畫人（乾隆）
禮器館畫畫人（乾隆）

The court painters of QingDynas...",human_expert,human_expert,5.442029,9.138975,8.741283,1.730243,,0.1810186505317688,0.5580837080651279,0.8295366292198498,0.42278991927411047,0.3378455638885498,0.3980343037030913,0.21917522389608568,0.3257824477077322,0.16604153441278602,0.13268148852489162,0.15631930545850453,Historically_Focused,
聂崇正_清代宫廷绘画\2.3_宫廷绘画的管理制度.txt,"清代宫廷繪機構中有比较密的制度，根據内務府檔案的記载主要有如下點：
考核制度。

Thecourt paintingsetupinQingDynastyhadcertainregulationsthatwere quite strict.Accordingto the archives of the ImperialHouseholdDepartment,theseregulationsmaybe...",human_expert,human_expert,6.240519,10.033877,8.851387,1.6606991,,0.3471264243125915,0.7490452355389141,0.9939267163475354,0.5213147247977116,0.4663313825925191,0.4929614060304381,0.23236443946870433,0.30833014263938474,0.1617192100918302,0.14466259870782822,0.1529236090922525,Historically_Focused,
聂崇正_清代宫廷绘画\3.1_清代宫廷绘画的分期.txt,"清代宫廷畫的發展大致可以分爲三個時期，即順治、康熙時期；雍正、乾隆時期；嘉以後時期。分述如下：

顺治、康熙時期
的畫家供職作畫。順治時宫中的家有孟永光丶張行、王國材、黄應湛等人，人數很少，也没有什作品流傅下來。康熙皇帝玄燁在位六十一年，這期間供奉宫廷的家人數有所增加，而且出現了像焦秉贞丶冷枚、陳枚、唐岱等比较有影響的家。由於玄對西方科學文化的重視，西洋繪也隨之傅入宫廷中，亚且對清代宫廷繪畫有一定...",human_expert,human_expert,5.6814904,9.684375,8.789228,1.6395202,,0.1685958057641983,0.6417829870368561,0.9238476753234863,0.47374346942878226,0.37082119782765705,0.4557081750609021,0.22393740263388062,0.3223582628708874,0.16530335674440727,0.12939067809589833,0.15901029965492633,Historically_Focused,
聂崇正_清代宫廷绘画\3.2.1_纪实绘画.txt,"紀實繪畫
紀實畫包括皇帝、皇后及文武大臣的肖像，皇帝日常生活的圖景和記錄重大歷史事件的圖等。這些作品比较真實地反映了歷史面貌，具有重要的史料價值。

paintings ofrecord,paintingsof empressemeriaconubinehigrankingfficialsand generalsfscenesof thmrrsdailylfandf signifcan event...",human_expert,human_expert,-6.8858433,-6.7475705,1.2767447,8.492107,,0.3085117042064667,0.0,0.0,0.0,0.0,0.09324217894498041,0.0,0.0,0.0,0.0,1.0,General_Descriptive_Profile,
聂崇正_清代宫廷绘画\3.2.2_历史绘画.txt,"歷史繪畫
宋、明兩朝的宫廷繪畫相比较，這是十分薄弱的一環。作品有焦秉贞所畫的《歷朝聖后故事圖》册、冷枚所畫的《歷代帝王故事圖》册、金廷標所畫的《婕妤當熊圖》等，張幅都不大。以上作品中有些内容是表彰古代婦女的。金廷標的《婕妤當熊圖》的是西漢元帝的妃子馮婕好，在一次隨同皇帝觀看門獸表演時，一只熊突然獸裹出，直奔人而來。皇帝左右的侍皆恐後退，唯獨馮婕妤臨危不，挺身向前，阻熊的去路，保護了皇帝。乘熊的注意...",human_expert,human_expert,7.977558,7.453133,10.491801,2.5704677,,0.4305067062377929,0.4668714415568572,0.674374606874254,0.4880802113635866,0.0,0.5171702637730594,0.21750393556699357,0.3141745628142716,0.22738458041028342,0.0,0.24093692120845128,Historically_Focused,
聂崇正_清代宫廷绘画\3.2.3_装饰性绘画.txt,"装飾性繪畫
清代宫廷裡的装飾性繪數量很大，主要包括多的山水和花鳥。這部份作品中有

Paintingsfordecorationmean thelarge amount of those of landscape,birds,animalsand flowers.

張幅極大的，黏貼於宫殿内的壁上，亚随時可以貼上取下，故俗“貼落”。其形式和作用接近於壁，但又比壁畫靈活；還有一部份作品畫幅極小巧，大...",human_expert,human_expert,4.7874527,2.089683,7.890942,6.462091,,0.1494191139936447,0.0,0.6313001463810602,0.12390032119172457,0.0,0.2042357642203569,0.0,0.6579907298280675,0.12913867236404095,0.0,0.21287059780789158,Historically_Focused,
聂崇正_清代宫廷绘画\3.2.4_宗教绘画.txt,"宗教繪畫
满族入關以前就和蒙古族往來密切，蒙古贵族在清朝統治隋層中占有一定的地位。爲了維繁滿族和蒙古族的關係，清朝皇帝充分利用了宗教這一重要的思想工具。以蒙古族信奉的藏傅佛教（俗喇嘛教）為國教，而不協調了民族關係，亚且加强了民族間思想领域的統治。满族統治者廣爲推崇藏傅佛教，修建了很多寺，在宫中也設有多處佛堂，除此，還組織畫家創作了許多宗教繪畫。比如《普寧寺佛装像》、《扎什倫佛装像》等，都是带有濃厚...",human_expert,human_expert,-3.0675929,-3.2391565,3.660667,8.232503,,0.5690085887908936,0.0,0.0,0.1166164477739264,0.0,0.40797730767352375,0.0,0.0,0.22229858164144342,0.0,0.7777014183585567,General_Descriptive_Profile,
聂崇正_清代宫廷绘画\3.2.5_油画和版画.txt,"油和版
超出以上所述繪畫作品的圍。但因為油畫和版畫是畫史上新出現的畫種，故單獨列出加以介绍。

The court paintings ofQing Dynasty alsoinclude thenewvariety of oil painting and copper-plate painting doneby both European and Chinese artists.

油畫產生於歐...",human_expert,human_expert,-7.937034,-1.925522,3.7008622,10.393522,,0.1769371032714843,0.0,0.023171007633209218,0.3041493521163276,0.0,0.22886078504915217,0.0,0.041660901038987966,0.5468530441218304,0.0,0.41148605483918166,Technique_and_Style_Focused,
聂崇正_清代宫廷绘画\4.1_“臣”字款的画.txt,"關於“臣”字款的畫
清代的宫廷畫在署款上有一個明顯的特點，這就是上作者名款前必定冠以“臣”字。

名款前書寫“臣”字亚非始自清代，在宋代的院上已有這種現象。例如南宋院待韶馬遠、馬麟父子的一部份作品上就署以“臣”字，但宋代院业非一律，有許多上不署“臣”字，可见署款格式业無格的规定；明代宫廷畫上则無此例。

清代的“臣”字款繪，大致有以下四種：

宗室畫。 皇族成員爲宗室，其中不乏善者。如允禧（171...",human_expert,human_expert,1.7420466,-0.26232183,7.2792497,7.837785,,0.1254907399415969,0.0,0.3011631949080361,0.2533484353592583,0.0,0.1735092404891144,0.0,0.41367384783231503,0.3479961159575425,0.0,0.23833003621014254,Historically_Focused,
聂崇正_清代宫廷绘画\4.2_纪实绘画的重要价值.txt,"紀實繪的重要價值。
清代宫廷繪中，紀實繪作品估有相當大的比例，和宋、明時的宫廷繪畫相比较，這部份作品是極爲突出的。這也是清代宫廷的一個顯著的特色。在没有新聞攝影和紀錄電影的時代，要把當時的重大事件和重要人物記錄下來，除了文字記载之外，最好的瓣法莫過於運用繪的手段。康熙、雍正、乾隆三代發生的一些重要的歷史事件，通過紀錄了下來，對我們今天瞭解那些事件發生的過程和情景，極有價值。其中尤以乾隆時清政府和西...",human_expert,human_expert,1.5242025,-2.5958874,5.908833,7.6852627,,0.4561038315296173,0.0,0.27942079305648804,0.3048317997332881,0.0,0.41783851216781265,0.0,0.2788377141301078,0.30419569460821566,0.0,0.4169665912616764,General_Descriptive_Profile,
聂崇正_清代宫廷绘画\4.3_描绘塞外风光的新题材.txt,"出現了描繪塞風光的新題材
满洲贵族入關以后，十分重視北方境的防務。這是因爲满族是东北地區發展起來的，關外是他們的祖先開創基業的發祥之地，因而受到加倍重視；此外满洲贵族爲了更有效地統治漢族居住的廣大地區，和西北的其他少數民族上層，往來繁；互通婚姻，關係非常密切；再加上遠在歐洲的俄羅斯帝國，自十七世紀以來，勢力不向東廣展，逐和清朝

睡發生了接觸。這些原因都使得清朝政府對於北方境的事務，十分敏感。清朝...",human_expert,human_expert,5.235295,7.6311445,8.982704,2.4994051,,0.2022026181221008,0.3092893734574318,0.7116014969845612,0.34870768319450174,0.30937008062998456,0.34736598193406415,0.15263489602589006,0.35117669672881663,0.1720879071040805,0.15267472516956038,0.17142577497165248,Historically_Focused,
聂崇正_清代宫廷绘画\4.4_中西合璧的新画风.txt,"中西合璧的新畫風
清朝的宫廷家中有若干名外國人供職，這是我國皇室宫廷設立院或類似機構有史以來未出現過的事。由於這些外國家的創作活動，影響所及，使清朝的宫廷繪形成了一種中西兿合璧的新風。這部份作品带有前所未有的、鮮明的時代特微。

As a result of the fact that many European artists serving at the Qing court had intr...",human_expert,human_expert,6.8185563,6.278779,10.101904,2.9982746,,0.237449899315834,0.3936987527861045,0.7198439811666806,0.4492148117399683,0.0,0.41483922960127095,0.19907938650818763,0.36399937042760194,0.22715187309767945,0.0,0.20976936996653106,Historically_Focused,
聂崇正_清代宫廷绘画\4.5_对清代宫廷绘画的整体评价与研究展望.txt,"清代宫廷的價
過去，人們對清代宫廷畫的價不甚高，它們在一些畫史著述里也没有什地位。

The court paintingsof QingDynasty have notbeenwidelyrecommended and theydonot occupy an important position in the works onhistory of painting.It is a general...",human_expert,human_expert,4.518598,1.5632929,8.038362,6.54707,,0.1565681993961334,0.0,0.5683639583488306,0.2714876842922439,0.0,0.1904332639181359,0.0,0.5516570753685663,0.2635073876787319,0.0,0.18483553695270186,Historically_Focused,
苏利文（Sullivan）_山川悠远 中国山水画艺术\1_中国山水画的欣赏特质.txt,"“几乎可以肯定，当读者翻阅本书中的绘画作品时，会留下很愉悦的第一印象。但看印度雕刻或17世纪法兰德斯绘画的印刷品，却未必会有同样的感觉。中国山水画那种自然生动、宁静平和的气氛，在其他文明的艺术中是不常见的。”
“认为绘画作品的美部分地取决于绘画的题材，这在现代西方人看来，显然是功利主义的。可在中国和其他东方艺术中，这却是事实。因为中国人认为，绘画的主题和表现形式互不可分，它们共同表达对物质世界无所...",human_expert,human_expert,-9.255847,-5.388146,-0.10434173,8.221515,,0.130945086479187,0.0,0.0,0.07805205305271289,0.0,0.10887894881042567,0.0,0.0,0.41754472117930796,0.0,0.582455278820692,General_Descriptive_Profile,
苏利文（Sullivan）_山川悠远 中国山水画艺术\2.1.1_中国早期艺术中韵律感的表现及其对山水画的基础作用.txt,"“在中国最早的山水画问世之前，久已存在着有节奏的韵律，那是中国画的基础。它们使石器时代后期装饰彩陶的旋涡纹充满了生气（图9），使商代青铜彝器上布满的诡谲形象具有了活力（图10），也给周代玉龙上环绕的圈纹，汉代的漆绘（图11）镜面和丝织品以影响。”
“从所有这些艺术品中，我们发现了一条生命的线，它随着工匠手臂的自然运动而流动起来。只有亲手去摹制这些图样，你才会发现：要摹得成功，你的手臂就必须要自由灵...",human_expert,human_expert,8.527393,7.8227153,10.466888,2.2979126,,0.5373695492744446,0.5252761657421405,0.6135976910591125,0.4420418556268308,0.0,0.6189486024213984,0.23877662008353484,0.2789252441240203,0.20094050921366752,0.0,0.2813576265787773,General_Descriptive_Profile,
苏利文（Sullivan）_山川悠远 中国山水画艺术\2.1.2_汉代绘画中山水作为故事背景的初步尝试和局限.txt,"“和罗马的湿壁画相似的一点，是最初的中国山水画仅仅做了故事或传说的背景。宫廷画室的画工们主要凭着想象，在画前代的儒贤、忠臣、孝子、烈女以及他们反面的人物的肖像，作为宫妃和朝臣的榜样和训诫。山水很少起什么作用。”
“在全都毁了的宫殿和祖庙里，那些描绘神像和圣贤的壁画显然也不会有大量的山水画。”
“请注意，在赋中所写的宫殿墙壁上，不是画的山峦海波，这个时代尚未到来，但它们却蕴含了这样的精神。汉代辞赋家...",human_expert,human_expert,2.4824054,3.0050404,6.930298,6.090701,,0.1409646421670913,0.0,0.531635688410865,0.34822452597173986,0.3892993927001953,0.31391229666769505,0.0,0.3358253577436082,0.21996759916384873,0.2459139043387078,0.19829313875383522,Historically_Focused,
苏利文（Sullivan）_山川悠远 中国山水画艺术\2.1.3_山水诗、山水画的兴起.txt,"“汉代后期，画家们大概正在掌握形式与空间问题。如果是这样的话，他们的努力也一定会因为战乱而受到挫折，这种战乱导致了汉王朝的迅速崩溃。”
“伴随着这次大迁徙，在中国社会和艺术中发生了一场深刻的变化。旧秩序冲垮了，儒学这个汉代的精神支柱开始动摇，传统的行为方式的标准也削弱了基础。人人都在自顾不暇。黑暗时代在北方降临了。”
“这时开始了南方的开发，开始了伟大的南北交融。它使后来几个世纪的中国文化生气勃勃...",human_expert,human_expert,1.5979377,2.8838122,6.117171,6.371003,,0.3818083107471466,0.0,0.48341377079486847,0.3602142909139978,0.39306414127349854,0.4161809017672577,0.0,0.2924687741640615,0.2179322114195591,0.2378066048409929,0.2517924095753865,Historically_Focused,
苏利文（Sullivan）_山川悠远 中国山水画艺术\2.1.4_早期画家的贡献和作品特点.txt,"“要是顾恺之、宗炳或张僧繇的任何原作还存世的话，我们会有别的什么看法吗？这些人似乎创造了不同于旧传统的山水画风格。可是他们的作品在走马灯似的朝代更替中都丢失了。”
“但这一时期别的一些画还有流传，有几张传为顾恺之（约344—406）作的古画存世。顾恺之是奇才，能诗善画，亦儒亦道。……可能是他第一个把古代肖像画和山水画结合起来。他曾给一位道家名流画像，用岩壑作背景，说是道士对一丘一壑有很深的理解。”...",human_expert,human_expert,4.2240186,-0.019709885,7.0037217,6.9447784,,0.2768675982952118,0.0,0.49305039313104415,0.315999063162827,0.0,0.3389129951436889,0.0,0.42950045318434543,0.2752695114436109,0.0,0.2952300353720438,Historically_Focused,
苏利文（Sullivan）_山川悠远 中国山水画艺术\2.1.5_敦煌壁画中山水元素的早期表现.txt,"“这时，佛教徒、供养人和画匠们正在用湿壁画装饰着敦煌的石窟。”
“最早的壁画有不少外来的新形式，驼峰状的山峦用强烈的色彩作机械的重复，再加上轮廓线，好像画家把手卷裁断了再贴在墙上一样。（图21）画上没有树，只有一些开花的植物点缀在波斯风格的红底背景上，很有趣味。”
“但是我们看到，6世纪的洞窟壁画里的山水，越变越自然了。红底背景成了白色的，山峦和人物由生动的线条来表现。连贯的笔势向上弯曲，画出的树...",human_expert,human_expert,-5.6409316,-0.36219326,3.496154,9.707229,,0.2550550103187561,0.0,0.0,0.26898224095941753,0.4022248188654582,0.28809894294911287,0.0,0.0,0.2803925339585199,0.4192872948802155,0.30032017116126464,Theory_and_Comparison_Focused,
苏利文（Sullivan）_山川悠远 中国山水画艺术\2.2.1_唐代山水画发展的历史背景和社会文化环境.txt,"“唐代的历史几乎像一部交响乐，它曲折地向上发展，直到伟大的高潮，又慢慢消逝，走向悲怆的终局。7世纪是中国重新统一与全力扩展的时期，向西拥有了中亚的大部分地区，东面获得了高丽的朝贡，往南给广东带去了文明。”
“在唐初几十年中，绘画和诗歌一样，继续表现6世纪浮华造作的内容。中国文学批评家一直称这个时期是唐诗的春天。我们将看到，这个时期也可以称为唐代山水画的春天。”
“8世纪前半叶，特别在玄宗统治时期（...",human_expert,human_expert,-9.137087,-7.635884,-0.4293389,7.8865795,,0.171504721045494,0.0,0.0,0.0,0.0,0.012649835909114119,0.0,0.0,0.0,0.0,1.0,General_Descriptive_Profile,
苏利文（Sullivan）_山川悠远 中国山水画艺术\2.2.2_展子虔、李思训、李昭道等早期唐代山水画家的风格特点.txt,"展子虔、李思训、李昭道等早期唐代山水画家的风格特点。

“初唐大师的真迹没有保存下来，不过从传为展子虔的精彩的《游春图》，我们可以对他们的风格留下一点印象。（图24）展子虔在北周和隋朝任过官职，大约公元580年到620年之间。我们在敦煌见到过的手法，画家拿来表现纵深感，山峰画在一边，呈斜线状排列，打开通向远处的空间。可是从前面的树林到远处的树丛之间的突然跳跃有点破坏了想象的效果。勾勒很经意，线条细...",human_expert,human_expert,-4.808709,-5.2597513,2.66934,8.552815,,0.370127260684967,0.0,0.0,0.0,0.0,0.262380268777108,0.0,0.0,0.0,0.0,1.0,General_Descriptive_Profile,
苏利文（Sullivan）_山川悠远 中国山水画艺术\2.2.3_王维作为文人山水画开山祖师的地位及其《辋川图》的影响.txt,"王维作为文人山水画开山祖师的地位及其《辋川图》的影响。

“对王维（？761—？699）需要作很多介绍，他是中国文化艺术史上真正伟大的人物之一。王维在朝时常做高官，是文人学者、诗人人和虔诚的佛教徒（特别在晚年），还是业余的山水画家。”
“他的意思是：‘我知道自己是天才的画家，请原谅我这么说，这实在也由不得我。’这带有半开玩笑的性质。要不是他已经有意识地在专业画家和像他那样的业余的文人画家之间划出界...",human_expert,human_expert,2.0378132,-2.4751368,6.0419183,7.85118,,0.3491188585758209,0.0,0.23377569516499838,0.35311193460342927,0.0,0.408530674048047,0.0,0.23485171436841454,0.3547372328292373,0.0,0.41041105280234813,General_Descriptive_Profile,
苏利文（Sullivan）_山川悠远 中国山水画艺术\2.2.4_张璪“外师造化，中得心源”的创作理念和技法.txt,"张璪“外师造化，中得心源”的创作理念和技法。

“比王维更动人的画家肯定要算张璪了。他出生在南方，比王维年龄小，也在京城长安生活了一段时间。王维有个朋友叫毕宏，见到过张璪作画。张璪好用秃笔，以掌摸色。毕宏问他哪里学来这种技巧，他回答说：‘外师造化，中得心源。’据说这位谦虚的毕宏听了回答后，‘于是搁笔’。”
“四川诗人符载关于张璪作画的亲眼见闻，使我们对张璪的天才留下了更多的印象。……主人一说有请，...",human_expert,human_expert,5.7107697,5.312638,9.836087,3.4857767,,0.2444172799587249,0.3724543258443579,0.5180683831373851,0.4029393760304825,0.0,0.4205267105331235,0.21730266079472943,0.3022589088585894,0.23508868732264793,0.0,0.24534974302403315,Historically_Focused,
苏利文（Sullivan）_山川悠远 中国山水画艺术\2.2.5_唐代山水画技法的发展，如线描、“没骨”、水墨渲染的结合.txt,"唐代山水画技法的发展，如线描、“没骨”、水墨渲染的结合。

“现在我们才开始谈到技法。例如，我们能在《明皇幸蜀图》精细的用线方法和敦煌217窟壁画上矿物颜料的大笔涂划之间找出差别。线描是细密画家的技法，适宜画卷轴画，在宫廷画家、职业画家那里很流行。敦煌风格，中国人称之为‘没骨’，没有轮廓线，主要是装饰画家用的技法，适于画大的壁面。”
“不论山峰有没有用勾线，所有早期的山水画好像都用颜料。唐代大师的...",human_expert,human_expert,-7.407206,-1.6559138,3.840142,10.538104,,0.17378830909729,0.0,0.15203989545504254,0.2437846155983268,0.0,0.18970757998267113,0.0,0.25966108054986903,0.41634714703164144,0.0,0.3239917724184896,Technique_and_Style_Focused,
苏利文（Sullivan）_山川悠远 中国山水画艺术\2.2.6_敦煌和日本正仓院所藏的唐代风格山水画.txt,"敦煌和日本正仓院所藏的唐代风格山水画。

(关于敦煌的部分已在上方“分析唐代山水画技法的发展”中引用，如图27懿德太子墓壁画，图28敦煌画幡)
“另一个画家式风格的早期例证，要从中国以外去寻找。有些在日本奈良，圣武皇帝的珍宝放在正仓院，756年他死后，那里成为东大寺的库房。唐朝艺术对日本的支配几乎无所不在，所以，在正仓院藏的一只琵琶的皮面上那幅可爱的山水画（图29）究竟是从中国带来的，或者日本画家...",human_expert,human_expert,-3.3751678,-5.2184873,3.096682,8.203572,,0.4189969301223755,0.0,0.17433404922485352,0.0,0.0,0.23284417655465894,0.0,0.42815169915116147,0.0,0.0,0.5718483008488385,General_Descriptive_Profile,
苏利文（Sullivan）_山川悠远 中国山水画艺术\2.2.7_晚唐“逸品”画家的怪诞风格及其对传统的挑战.txt,"晚唐“逸品”画家的怪诞风格及其对传统的挑战。

“除张璪之外，晚唐还有一些怪才。他们运用了如同20世纪50至60年代纽约行动画家所用的各种技法，有的以头发蘸墨作画，有的像乔治·马修一样，按乐起舞，面朝一方而挥笔在背后作画。”
“唐代文献说到王墨，他喝醉之后又笑又唱，往绢上泼墨，再用脚踏画，以手抹墨。有的像杰克逊·波洛克，往覆盖在地上的绢上泼墨泼彩，然后让人坐在白布上，他拉着白布来回转，画出大圆圈。...",human_expert,human_expert,4.8090644,-1.1992104,6.2545257,6.9982166,,0.3573527634143829,0.0,0.47785126169522596,0.38717494506169764,0.0,0.4333244816345327,0.0,0.36804483254616066,0.2982052141408526,0.0,0.3337499533129867,Historically_Focused,
苏利文（Sullivan）_山川悠远 中国山水画艺术\2.3.1_五代，宋初山水画.txt,"五代和宋初山水画的发展，特别是南方董源、巨然的江南画风及其特点。

“我们正进入中国山水画历史上又一个重要阶段。……五代和宋朝历史（907—1279）一开始很混乱。中国在唐朝崩溃后陷入了新的四分五裂之中。五代时北方内战不断，在当时能画出什么作品，实在使人惊奇。相比之下，南方各小国显得稳定和安宁。南京和成都的小朝廷，给逃出北方的学者、诗人和画家们提供了避难所。这些人带来了唐朝宫廷艺术的残余之物。”
...",human_expert,human_expert,-7.6989098,-3.014098,3.184947,10.29175,,0.1992747038602829,0.0,0.05436861515045166,0.1896213647416409,0.0,0.1793067045360405,0.0,0.12844091898310703,0.4479632648146448,0.0,0.4235958162022482,Technique_and_Style_Focused,
苏利文（Sullivan）_山川悠远 中国山水画艺术\2.3.2_北方山水画大师.txt,"北方山水画大师荆浩、李成的现实主义风格和理论。

“董源山水画恬淡清远的湖光水色，和北方画家笔下的危崖叠嶂形成非常强烈的对比。在中国美术史上，荆浩（约870—940）与李成（916—967）要比表现宁静氛围的南方山水画家更引人注目。荆浩世家业儒，做过小官，唐灭亡后隐入山中致力于绘事。他的著名理论主要见于《笔法记》。他在这篇文章中说，他在山里遇到一位道士，为他讲授了画山水的奥妙，还有具体的提示，认为...",human_expert,human_expert,7.3956227,5.7760572,9.76532,2.952146,,0.2558771073818207,0.28252201824338286,0.7943242937326431,0.4149728600300995,0.0,0.3862197370851103,0.15043459263583223,0.4229541197935077,0.2209607362346399,0.0,0.20565055133602006,Historically_Focused,
苏利文（Sullivan）_山川悠远 中国山水画艺术\2.3.3_山水画的装饰趣味和空间处理.txt,"郭熙的《林泉高致集》及其山水画的装饰趣味和空间处理。

“李成的后继者郭熙（约1020—1080）于1068年进入宫廷……据当时的美术史家说，他在画院最得宠，神宗皇帝喜欢他的画。郭熙关于山水画艺术的思想言论，由他的儿子收在《林泉高致集》里。这不但是入门书，还表现了他的传统素养。”
“郭熙在六朝和唐人的诗里捕捉灵感，像下面的诗句因为有鲜明的形象性，就特别富于启发和联想：雪意未成云着地，秋声不断雁连天...",human_expert,human_expert,-5.8958416,-6.3621006,1.7617933,8.55512,,0.3715290427207947,0.0,0.0,0.0,0.0,0.13031120160046747,0.0,0.0,0.0,0.0,1.0,General_Descriptive_Profile,
苏利文（Sullivan）_山川悠远 中国山水画艺术\2.3.4_北宋现实主义.txt,"郭忠恕的界画和张择端的《清明上河图》作为北宋现实主义的顶峰。

“《雪雾江行图》这幅惊人的作品……作者郭忠恕（977年卒）是位传奇人物……但他清醒时，却是界画大师。这种高难度的绘画，精巧逼真地表现了中国建筑复杂的细部。这幅画的作者是谁，除了御笔题签，没有别的证据，但说郭忠恕所作，是很有可能的。因为在他生活的11世纪，强烈的现实主义已达到了高峰。”
“《清明上河图》这幅最伟大的杰作可能是北宋现实主义...",human_expert,human_expert,-1.9528632,0.119785964,4.5744596,7.2570605,,0.5360448956489563,0.0,0.24131736159324646,0.0,0.3696492314338684,0.4356380580839785,0.0,0.23057165027602336,0.0,0.35318898214473105,0.4162393675792456,General_Descriptive_Profile,
苏利文（Sullivan）_山川悠远 中国山水画艺术\2.3.5_宋代现实主义兴起与衰退.txt,"宋代现实主义兴起与新儒学“格物致知”思想的关系，以及后来现实主义衰退的原因。

“这种追求真实的热情从何而来？这与其说是对晚唐表现主义虚夸狂诞态度的逆反，倒不如说恢复了儒家的入世精神。也许，中国历史上没有哪个时期会有宋人那样坚定的信念，认为只要通过理性的研究，就能达到对宇宙的了解。”
“由佛教的形而上学和儒家的伦理观融合而成的哲学（西方人称之为新儒学），强调格物致知的重要性，认为它是认识万物的必经...",human_expert,human_expert,3.8567176,1.4560719,7.378964,6.4642563,,0.1867212057113647,0.0,0.5262843171755474,0.31549704443005955,0.13992134730021158,0.2825864596083202,0.0,0.41626894406923165,0.24954500306353872,0.11067194972860106,0.2235141031386286,Historically_Focused,
苏利文（Sullivan）_山川悠远 中国山水画艺术\2.3.6_南宋画院风格演变.txt,"南宋画院李唐、马远、夏圭的风格演变及其“小斧劈皴”和“大斧劈皴”的特点。

“范宽、郭忠恕建树的纪念碑式的现实主义风格，虽然没有中断，但却渐渐变得僵化了，成为宫廷画院的式样。徽宗时宫廷画院的首要人物李唐，对这日趋僵化的过程负有最直接的责任。”
“许多绘画行家公认，题有李唐名款和相当于1124年年号的《万壑松风图》，是一幅冷峻的纪念碑式的杰作。（图42）范宽富有力度的、敏感的笔法在这里成了僵化的程式...",human_expert,human_expert,4.4328804,8.631759,9.228893,2.0889683,,0.451936274766922,0.4115653319809681,0.7221799654265244,0.2481121806975673,0.3969825506210327,0.5386026501854791,0.17759461139046043,0.3116279733683463,0.10706292024193566,0.17130199345749628,0.23241250154176132,Historically_Focused,
苏利文（Sullivan）_山川悠远 中国山水画艺术\2.3.7_南宋文人画的兴起.txt,"南宋文人画的兴起，苏轼等提出的“士夫画”理论及其对后世的影响。

“在画上也能看到这派沉静而又自然的景象。它没有在马远或夏圭璀璨的画笔下展现，而是表露于文人业余的绘画艺术之中。他们的绘画作品大都散失了。对画什么和为什么画，他们自有见解。后人习惯地将这些观点上溯到唐代画家和诗人王维。就我们所知，在王维的著作中从未表白过这种观点，倒是大学者、诗人、画家和名臣苏轼（1037—1101），第一次把这作为完...",human_expert,human_expert,-8.038022,-1.886212,3.5656457,10.348672,,0.2045151442289352,0.0,0.0,0.3251030955244513,0.0,0.20371193289358344,0.0,0.0,0.6147765817038267,0.0,0.38522341829617346,Technique_and_Style_Focused,
苏利文（Sullivan）_山川悠远 中国山水画艺术\2.3.8_禅宗绘画的特点.txt,"禅宗绘画的特点，如牧溪、玉涧的作品。

“文人画家和禅宗艺术家有不同的直觉和自发性，但差别十分微妙。因为禅宗画家不是追求自我表现，而是否定自我的真实。它通过对题材，对疏放的笔墨技巧的有意选择，揭示出构成一切事物基础的完整性；通过酣畅的笔墨，象征性地提出禅师顿悟的非理性的功夫。同时，禅宗画家和禅师一样有意用一连串可视的振动，来触发我们被抑制的知觉。”
“它挑选的艺术语言，不是文人画那种飘逸的和高度个...",human_expert,human_expert,-5.7282853,-0.35375118,3.5284965,9.916995,,0.1693888157606125,0.0,0.0,0.22735422426725133,0.3775035540262858,0.23319031770249585,0.0,0.0,0.2712901865101636,0.4504557146897602,0.2782540988000761,Theory_and_Comparison_Focused,
苏利文（Sullivan）_山川悠远 中国山水画艺术\2.3.9_金代山水画对北宋风格的继承与变化.txt,"“在宋朝残存的年月里，当女真人攻占华北，掠走越来越多宋朝疆土时，这种感受更为深重。然而这时女真人并非野蛮人了。像以前别的入侵者那样，他们已经完全汉化，建立了金政权。在其宫廷里，艺术也很繁荣。山水画家们不是吸收马远而是北宋画家宏壮的画风，这和那里的地域特点有联系。”
“但当我们细看武元直的宏伟画卷时，无疑会注意到细微的区别。（图53）画面描写苏东坡偕友泛舟赤壁之下的情景。画家在表现崖壁时用了长长的直...",human_expert,human_expert,4.1264377,6.880572,8.80583,2.8613958,,0.3555847108364105,0.47670445976021525,0.44472362101078033,0.44103152461203865,0.24494240681330362,0.4585172972955647,0.23074689198653028,0.21526669457393127,0.2134795500413359,0.11856339484698722,0.2219434685512154,Comprehensive_Analyst,
苏利文（Sullivan）_山川悠远 中国山水画艺术\2.4.1_蒙古统治对汉族文人画家的影响.txt,"分析蒙古统治对汉族文人画家的影响，以及“复古”思潮的兴起。

“宋濂面对这幅杰作时，中国还在蒙古人和由吐蕃、回纥和党项人组织的乌合之众统治之下。只有知道当时画家和文人所遭受的前所未有的痛苦，人们才能体会这段描写松树图的奇妙文字。”
“马可·波罗从社会的顶层看到了中国。……蒙古人对知识分子极不放心，怕他们起来造反。废除科举的几十年中，使中国的知识分子，尤其南方人无法找到稍微体面一点的工作。南方有产业...",human_expert,human_expert,-9.405706,-5.380903,-0.17324328,8.331243,,0.1188291609287262,0.0,0.0,0.08332156240940093,0.0,0.10754991339688949,0.0,0.0,0.43653228989522463,0.0,0.5634677101047753,General_Descriptive_Profile,
苏利文（Sullivan）_山川悠远 中国山水画艺术\2.4.2_元初画家钱选、赵孟頫的复古实践及其艺术主张.txt,"介绍元初画家钱选、赵孟頫的复古实践及其艺术主张。

“钱选（约1235—1301）在南宋灭亡时还官职在身，但他马上辞官卸任了。在风格上，他画花鸟、松鼠，与南宋院体没有很大的区别。可他的山水画却跳回到几个世纪前，而不是几十年前。”
“钱选有意选择古代风格，以他的才智和魅力驾驭了唐代宫廷画家李思训、李昭道创立的青绿山水。如果不知道他是非常成熟的画家，就很难接受他生拙的描画。他的屋顶画得不自然，树叶单调...",human_expert,human_expert,5.8529716,7.5788198,9.213872,2.4932988,,0.2547116577625274,0.311008095741272,0.7631766671935718,0.38482618502834254,0.20890774329503378,0.4033358337726185,0.15015445566094365,0.36846107418025265,0.1857937691277285,0.10086048854470138,0.19473021248637384,Historically_Focused,
苏利文（Sullivan）_山川悠远 中国山水画艺术\2.4.3_元四家.txt,"黄公望:
“元四家中的黄公望（1269—1354）先在元朝当过小官，又因故落狱。释放后，他隐退了，以卖卜为生，从事典型的道士职业，并到苏州开设小学堂讲授儒、释、道三家教义。他在杭州南部的富春江畔度晚年，只是非常贫穷，如元人所说的：‘风雨塞门，呻吟盘礴。’”
“1347年的一天，黄公望带着笔和纸张，兴致勃勃地描画出富春江沿岸的景色。后来他在题跋中说，这幅草图放在出外游历时居住的房子里，当灵感涌发时，...",human_expert,human_expert,-9.992837,-6.587335,-0.66761816,7.5909376,,0.1202212944626808,0.0,0.0,0.0,0.0,0.01586378971114754,0.0,0.0,0.0,0.0,1.0,General_Descriptive_Profile,
苏利文（Sullivan）_山川悠远 中国山水画艺术\2.4.4_元代文人画.txt,"探讨元代文人画在笔墨、意境、题跋等方面的创新。

“到这个时候，画家的题跋除了签名、日期，内容扩大了，有时它可以变得和绘画一样重要。画家是文人、诗人，这一点没有变，可以称为新东西的是在他画中抽象和高度概括的特点。他不再描绘现实世界，更不用说描绘特定的环境。他只要用题跋就能表现头脑中某一个特殊的意念，此外用不着什么方法。所以在画上题写，不但没有破坏画面，实际上还增强了画面的效果。诗文赋予它更多的含意...",human_expert,human_expert,-5.5071225,-0.47515494,3.487187,9.491212,,0.3175682425498962,0.0,0.0,0.24419439270654145,0.30560503403345746,0.3601762052914277,0.0,0.0,0.2683526724351977,0.33583870081358747,0.39580862675121475,General_Descriptive_Profile,
苏利文（Sullivan）_山川悠远 中国山水画艺术\2.4.5_元代其他画派.txt,"提及元代其他画派如继承南宋院体和北宋李郭风格的画家。

“但元代山水画的表现范围远比这宽泛。否则，其他被文人们轻视的画派，怎么会在与日俱增的强有力的传统推动下，继续在14世纪向前发展呢？”
“随着宋朝的灭亡，杭州的宫廷艺术资助中心消失了。可马远、夏圭的画风依然保存在一些小名家的作品中。如我们很少了解的画家孙君泽，即是一例。他的若干作品，主要流传到了日本。它们在构图和技法上，以强烈的装饰手法，运用了...",human_expert,human_expert,-6.196725,-5.771995,2.0012865,8.761115,,0.3069822192192077,0.0,0.0,0.0,0.0,0.1806772410406427,0.0,0.0,0.0,0.0,1.0,General_Descriptive_Profile,
苏利文（Sullivan）_山川悠远 中国山水画艺术\2.5.1_明代画家的风格选择.txt,"论述明代画家在风格选择上的自由与局限，以及绘画的学术性活动特点。

“欧洲画家在画了一幅风景后，很难想象他会停下来想是否用罗莎、克劳德或罗斯达尔的风格，而不是他惯用的手法画第二幅画。但到15世纪，中国画家不但有可能面临这样的选择，而且有点无法避免了。因为灵感的来源不同了，他常常处于这样一种状态，他对画的感受远远超过他对自然的感受。”
“是什么使明清画家这么强调注重风格史，使他一次次地按照董源、黄公...",human_expert,human_expert,5.5969877,1.2831558,7.699092,6.2256494,,0.2117177248001098,0.0,0.6691295330723127,0.31681861314995613,0.0,0.29409188203473774,0.0,0.5227411005134324,0.24750680147194995,0.0,0.22975209801461766,Historically_Focused,
苏利文（Sullivan）_山川悠远 中国山水画艺术\2.5.2_明代宫廷画家、职业画家和文人画家的追求.txt,"区分明代宫廷画家、职业画家和文人画家的不同追求，如吕纪、戴进、仇英、周臣等。

“纵览1450年到1550年这一百年中的画家情况，有宫廷画家，职业画家，个性特出者，孤高耿介、奇逸狂怪的人。后面这类人那时并不多。”
“我们可以把吕纪看成纯粹的职业画家，他以南宋画院装饰性的重彩法在宫殿墙壁上画山水花鸟。（图65）”
“而戴进的作品又是一种面貌。他避开宫廷里与他竞争的画家，在杭州苟且存生。……如果把他画...",human_expert,human_expert,-8.481942,-2.3387086,3.5496526,10.650822,,0.1246884763240814,0.0,0.04403036832809448,0.2550830884453128,0.0,0.14301295747811144,0.0,0.09958773533726556,0.5769460503217074,0.0,0.32346621434102696,Technique_and_Style_Focused,
苏利文（Sullivan）_山川悠远 中国山水画艺术\2.5.3_吴门画派.txt,"重点介绍“吴门画派”的领袖沈周及其艺术成就和风格特点，如《庐山高》。

“现在我们遇到了声名显赫的沈周（1427—1509），一个伟大的人文主义者，乡贤、诗人和画家，他统领着苏州的艺术界。即使不算开创人，他也被当作吴门山水的领袖。吴是苏州一带的旧称。事实上，在追溯到许多世纪之前的传统中，他是唯一一个伟大的代表。”
“通过浏览他的作品，确实可以看到明代中期这些安定岁月中山水画的全部表现范围，先是他的...",human_expert,human_expert,-5.5542455,-3.4467077,2.8088171,9.142712,,0.316916823387146,0.0,0.0,0.11293686733526341,0.17535467942555746,0.2388786380751965,0.0,0.0,0.21423227372085504,0.3326339092566543,0.4531338170224908,General_Descriptive_Profile,
苏利文（Sullivan）_山川悠远 中国山水画艺术\2.5.4_文徵明.txt,"阐述文徵明的生平、艺术追求和在吴门画派中的继承与发展。

“16世纪时，沈周的后继者们所涉猎的范围，要么很狭窄，要么像文徵明（1470—1559）一样非常全能。文徵明是渊博的学者、诗人和书法家，他渴望在考勤治绩中赢得成功，得到更高职位。但这只能使他痛恨科举。在十次会试中他都落第了。在54岁那年，终于靠自己的学术声望得了官职，在北京作翰林待诏。但同行们视他作眼中钉，因此他不断要求辞官，三年后返回苏州...",human_expert,human_expert,5.147492,1.6183351,7.9499865,6.3954897,,0.1615526527166366,0.0,0.6376421190798283,0.28443000833777815,0.0,0.2313994746157192,0.0,0.5528026159948807,0.24658605191180125,0.0,0.20061133209331816,Historically_Focused,
苏利文（Sullivan）_山川悠远 中国山水画艺术\2.5.5_明代中期王阳明心学对文人思想和绘画观念的影响.txt,"分析明代中期王阳明心学对文人思想和绘画观念的影响。

“在这些画家不作画时，他们就观察。而且更多的是读书、思考和讨论哲学思想。这些思想像一股电流在16世纪南方的知识分子头脑中流通。文徵明肯定熟知他同时代大哲学家王阳明（1472—1529）的思想。王阳明关于哪些知识有价值的理论，是放弃外部世界研究的运动高潮的代表，也反映了对枯燥迂腐的科举制度的背叛。”
“我们记得，新儒学的创始人强调认真研究世界的价...",human_expert,human_expert,2.2748911,-0.07628985,7.395714,7.729438,,0.1299082338809967,0.0,0.35830289456579417,0.27321425484968165,0.0,0.21413913098248563,0.0,0.423698023500965,0.3230795551132293,0.0,0.25322242138580564,Historically_Focused,
苏利文（Sullivan）_山川悠远 中国山水画艺术\2.5.6_晚明绘画.txt,"探讨晚明绘画的风格变化和个性化追求，如邵弥、蓝瑛、杨文、吴彬、米万钟等。

“大约在1480年到1559年文徵明去世这段时间里，各方面所取得的成就以其自身的力量把艺术推进到16世纪的下半叶。那时，许多富有才智的画家是文徵明的亲戚、学生和后继人。但苏州已不再是艺术家的活动中心，因为不管画家在哪里作画，也不管他的画风怎么孱弱和衰微，在苏州凝聚起来的创作观念如今已成为潮流。但也不可避免地出现变化，它和1...",human_expert,human_expert,-4.987922,-4.1481595,3.0086741,8.772334,,0.3905103206634521,0.0,0.0,0.14790506599580538,0.0,0.24361496742934302,0.0,0.0,0.37777138682248856,0.0,0.6222286131775114,General_Descriptive_Profile,
苏利文（Sullivan）_山川悠远 中国山水画艺术\2.5.7_董其昌“南北宗论”.txt,"重点论述董其昌“南北宗论”的提出及其对后世绘画的影响。

“就在这时候，苏州附近的松江出现了一位知识渊博、富有影响的批评家和画家，他大声疾呼，不能对传统作不加区别的吸收和诋毁。”
“在董其昌（1555—1636）看来，学者和文人真正的艺术传系只有一个，它不包括像马、夏那种职业画家。……他提出山水画‘南北宗’说，仿佛就在阐述历史的真理。一派是职业和宫廷画家，由唐代大师李思训和李昭道创立，以后有李唐、...",human_expert,human_expert,6.5861864,1.5596354,7.5681033,6.029935,,0.2389576137065887,0.0,0.8637855822841327,0.2779186410062453,0.0,0.3245360202748666,0.0,0.5891159965598749,0.18954509141726372,0.0,0.22133891202286143,Historically_Focused,
苏利文（Sullivan）_山川悠远 中国山水画艺术\2.6.1_清初“遗民”画家.txt,"分析清初“遗民”画家的创作心态和艺术追求，如弘仁、龚贤。

“董其昌这个决定性人物标志了明代山水画史的结束。在革新和热情恢复传统的艺术价值两个方面，他对先锋派和保守派都有巨大影响。1644年满族人的征服所引起的动乱，更增强了他的作用。”
“满族人从一开始就急于把汉族最优秀的人才召入朝廷，同时又在新王朝最初二十年内战中大肆杀戮明朝的效忠者。因此这些忠臣义士就像他们的祖先对待蒙古人入主中原一样，以憎恶...",human_expert,human_expert,7.5252433,9.43877,9.692815,1.7046788,,0.6002461910247803,0.4909271657630638,0.793426863849163,0.47720051837318084,0.3317863345146179,0.6437423909830058,0.17936142846627473,0.28988042546454956,0.17434636461240255,0.12121894051561266,0.23519284094116064,Historically_Focused,
苏利文（Sullivan）_山川悠远 中国山水画艺术\2.6.2_清代宫廷绘画的特点.txt,"描述清代宫廷绘画的特点，以及乾隆皇帝的收藏和艺术趣味，提及郎世宁的中西合璧风格。

“18世纪的正统和权威在乾隆皇帝（1736—1796在位）身上人格化了。他精力充沛，对收藏艺术品欲望强烈。他同时又是个心胸狭窄、自以为是的鉴赏家，为显示皇权，他爱在画上无休止地题跋，随心所欲地钤印，给中国的艺术遗产留下他无法去除的标记。皇家最好的藏画上，几乎都盖上他的印章。现在这些大规模的收藏中，古代杰作大多收齐了...",human_expert,human_expert,-7.142292,-1.8253491,3.9610348,10.486976,,0.2100428640842437,0.0,0.16121761997540793,0.23101822673251812,0.0,0.1685176437053291,0.0,0.28750176812380845,0.411978223376311,0.0,0.3005200084998805,Technique_and_Style_Focused,
苏利文（Sullivan）_山川悠远 中国山水画艺术\2.6.3_四王.txt,"阐述以“四王”（王时敏、王鉴、王翚、王原祁）为代表的正统派对董其昌理论的继承和发展，及其对传统的摹古与创新。

“总之，这时的文人画家由于董其昌理论的深刻影响，觉得没必要向西方画家讨灵感。他们几乎都不去观察自然。董其昌早已给他们指出如何从传统本身而不是从自然去汲取源泉，才能不断使艺术更新。通过这种理论的表面解释，培养了一大群奴仆般效仿传统的画家。”
“清朝坚持这观点的画家，没有比王翚（1632—1...",human_expert,human_expert,7.395901,6.0470657,10.038936,3.1094015,,0.205009251832962,0.3559027165174484,0.792281448841095,0.4587050377153882,0.0,0.3733343256906391,0.17972855657335327,0.4000969776050416,0.2316430600143241,0.0,0.18853140580728092,Historically_Focused,
苏利文（Sullivan）_山川悠远 中国山水画艺术\2.6.4_清初个性派大师“四僧”.txt,"重点介绍清初个性派大师“四僧”（石涛、八大山人、髡残、弘仁）对传统的挑战和突破，特别是石涛的《画语录》及其艺术实践。

(关于弘仁的内容已在上方“分析清初‘遗民’画家的创作心态”中引用。)
“当我们从宫廷中转过身来，在文人、乡贤、和尚、隐士和怪才中间活动时，向传统挑战的响应范围就变得更广泛，更丰富了。石溪是一个例子。他又名髡残，效忠于明王室，做了大半生的和尚，最后成为南京附近佛寺的住持。这位十足的...",human_expert,human_expert,2.7786171,-3.3761125,6.2083745,8.2163515,,0.2517786026000976,0.26198863983154297,0.17869988083839417,0.45775901185823414,0.0,0.34143785196779797,0.2113006920700537,0.14412612897363747,0.36919461877867005,0.0,0.2753785601776387,Technique_and_Style_Focused,
苏利文（Sullivan）_山川悠远 中国山水画艺术\2.6.5_“扬州八怪”.txt,"论述“扬州八怪”（如高其佩、黄慎、金农、郑燮、李方膺）的创新精神和市场化倾向。

“赞助者的聚集点从苏州移到了繁华的扬州城，那是长江与运河的汇合处。这时，赞助主要来自商人，而不是大官僚。扬州有大量得到政府支持的大盐商。社会的礼法自由便利，文人和商人的界限比在苏州时模糊多了。”
“在步石涛后尘流寓到这个发达城市来的画家中，有一些职业画家。他们很快发现，这里所需要的不是严肃的古典主义或文人学养的暗示，...",human_expert,human_expert,-7.7934012,-6.297308,0.72695124,8.516886,,0.2323055416345596,0.0,0.0,0.0,0.0,0.1128961260823961,0.0,0.0,0.0,0.0,1.0,General_Descriptive_Profile,
苏利文（Sullivan）_山川悠远 中国山水画艺术\2.6.6_18世纪末至19世纪中国山水画.txt,"分析18世纪末至19世纪中国山水画的衰落和面临的挑战。

“1796年乾隆逊位。扬州八怪中最后的一位人物罗聘也于三年后去世。但从‘扬州运动’中形成的生活早已在此之前完结。从18世纪最后几年一直到1911年清王朝灭亡，知识阶层中蔓延着一种瘫痪症。”
“满人只是靠了欧洲人的帮助，才镇压了1850年到1866年间太平天国的造反。这次民族生命力的大爆发，打乱了长久而缓慢的崩溃过程。文人也背叛了清朝，失去了...",human_expert,human_expert,8.691649,7.95108,10.598446,1.9582839,,0.5390686988830566,0.3571652400118488,0.8290375495950381,0.4567637078610121,0.0,0.5923339983916538,0.15978399354960374,0.37088416127078416,0.20434107571088342,0.0,0.26499076946872874,Historically_Focused,
苏利文（Sullivan）_山川悠远 中国山水画艺术\2.7.1_20世纪初西方文化艺术对中国山水画的冲击和挑战.txt,"探讨20世纪初西方文化艺术对中国山水画的冲击和挑战。

“在明清时代曾使绘画充满生气的张力，到20世纪已超越了传统本身，变得更加强化了。这些张力不是1949年共产党人胜利的产物。在某种形式上，它们从20世纪刚开始就已体现出来了。”
“例如，辛亥革命后，在沪广开办了第一批私立的艺术学校，青年学生搁下毛笔，开始遵照学院派的方法画石膏。在20年代由于在上海用了裸体模特儿，引起了舆论的不满。”
“除这些人...",human_expert,human_expert,3.4656706,-0.33252373,7.1197686,7.3786244,,0.2510274052619934,0.0,0.41704918609725106,0.321157538598659,0.0,0.30676776136864314,0.0,0.3990998743595045,0.3073352918004349,0.0,0.29356483384006044,Historically_Focused,
苏利文（Sullivan）_山川悠远 中国山水画艺术\2.7.2_传统派画家.txt,"介绍传统派画家如黄宾虹、齐白石、傅抱石在坚守传统基础上的创新。

“儒弱的人试图全然不顾这个问题，继续用19世纪拘谨和文雅的方法画山水。当然他们也感到传统不会由衰落而得到保护，变革才是上策。不过有的人并不胆怯，他们被挑战激怒了，或者是被刺痛了，所以就重新提倡传统中的全部精华。……这些勇敢的中国画家为了汲取灵感，不是转向北宋的大师或元代的文人画家，而是学习清初的个性主义者，特别是取法石涛。”
“生活...",human_expert,human_expert,7.839537,7.0277724,10.227441,2.617044,,0.3618103563785553,0.3809046596288681,0.8089214786887169,0.4290398244910381,0.0,0.4985530737608193,0.17989101498114166,0.3820318343785645,0.2026239573184112,0.0,0.23545319332188258,Historically_Focused,
苏利文（Sullivan）_山川悠远 中国山水画艺术\2.7.3_融合中西的画家.txt,"分析试图融合中西的画家如高剑父、高奇峰、徐悲鸿、林风眠的探索。

“有的画家想搞妥协，取审慎的综合。辛亥革命后不久，两位留学日本的广东画家高剑父和高奇峰，开始用透视、色彩层次和明暗配置等西方技法，通过传统的材料来描绘当代题材。（图104）高剑父有一幅立轴，画了坦克，迷蒙的树丛和蝴蝶般在天空中盘旋的飞机，来表明他的尝试是可行的。但这类作品，很像日本的样板，太造作了，传达不了任何真实的感情。”
“从徐...",human_expert,human_expert,-4.1032944,-2.0454824,4.0741053,8.748115,,0.3357537984848022,0.0,0.0,0.3244539362981039,0.0,0.4037167905247147,0.0,0.0,0.4455739902011349,0.0,0.554426009798865,General_Descriptive_Profile,
苏利文（Sullivan）_山川悠远 中国山水画艺术\2.7.4_抗日战争和内战对山水画发展方向的影响.txt,"论述抗日战争和内战对山水画发展方向的影响。

“到20世纪30年代中期，好像具有中国技法和当代人的感情的新绘画正在出现，但抗战终止了这令人兴奋的艺术实践，把中国绘画引向完全不同的方向。沿海城市沦于日本人之手时，画家和学生纷纷举足西行，到边远的川桂山区去。那里没有外国租界，没有沙龙，也没有油画。流离失所的画家发现了自己的土壤和方法，那在通商口岸的世界主义气氛中是没有的。”
“主要的还在于他们艺术的欣...",human_expert,human_expert,-2.878078,-2.111274,4.116655,8.265107,,0.6194456815719604,0.0,0.0,0.352160932927155,0.0,0.49071006236826986,0.0,0.0,0.417811189248152,0.0,0.582188810751848,General_Descriptive_Profile,
苏利文（Sullivan）_山川悠远 中国山水画艺术\2.7.5_海外发展的画家.txt,"介绍在海外发展的画家如赵无极、曾幼荷的艺术成就。

“少数画家设法到了欧洲，其中就有赵无极。他在巴黎迅速成为油画大师，创作了许多大幅作品，带有书法意味，富于深度和意境。使人联想到群山幽谷，迷雾彩云，把画面看作山水画一样。……像许多远东艺术家一样，他在接触了保罗·克利的画风后，又超出了他的影响。因为赵无极对山水的感情是用典型的中国风格，即微妙的笔法来表达的。这些速写有令人愉悦的试验性。这是在现代西方...",human_expert,human_expert,6.949053,8.755772,9.518752,1.8302088,,0.3976418972015381,0.4321569051498022,0.9305157785614332,0.5036838599133725,0.2304233511288961,0.5441776618640372,0.16363644469292254,0.35234030029365926,0.1907201646051728,0.0872499259033967,0.20605316450484853,Historically_Focused,
苏利文（Sullivan）_山川悠远 中国山水画艺术\2.7.6_古为今用、洋为中用.txt,"探讨新中国成立后山水画在新的政治和社会环境下的发展，毛泽东文艺思想的影响，以及“古为今用、洋为中用”的原则。

“如果1949年没有成立中华人民共和国，这些画家今天可能在杭州、上海、广州，或者在保守的北京，而不是国外，对现代艺术的国际运动作出中国人独特的贡献。但这种选择不是他们力所能及的。”
“新中国否定了他们的这种绘画，决定改造那些满怀爱国热情在解放后回国的人。共和国一直以许多理由抵制国际风格中...",human_expert,human_expert,4.1804423,-0.7614018,6.758216,7.227425,,0.3158602118492126,0.0,0.44967862798107994,0.3386104828878945,0.0,0.3610628048844515,0.0,0.3912453808251631,0.29460992603464514,0.0,0.3141446931401917,Historically_Focused,
苏利文（Sullivan）_山川悠远 中国山水画艺术\2.7.7_当代山水画.txt,"分析当代山水画对传统题材的新的诠释和表现，如李可染、钱松嵒等人的作品。

“春天中绿色原野，有盛开的桃花，花儿红得就像白雪衬映下烈士的鲜血。（图110）对这些熟悉的题材，谁都会产生类似的联想。在运用了传统的象征主义之后，山水画就变得更能体现中国人感受最深的观念。”
“人民的忠诚也确实感动了群山，尽管记录了像红旗渠那样的建设成就的画家自己明白，自然的伟力比人们对自然的控制能力要强大得多得多。（图11...",human_expert,human_expert,2.403386,-2.3992894,6.184794,8.061117,,0.3057345151901245,0.0,0.23577345410982767,0.40545729908580874,0.0,0.3739563554903881,0.0,0.23224630424532638,0.3993916940204251,0.0,0.3683620017342485,Technique_and_Style_Focused,
苏利文（Sullivan）_山川悠远 中国山水画艺术\2.7.8_中国山水画在现代社会.txt,"反思中国山水画在现代社会中的伦理作用和未来发展。

“这样来表达人们最深沉、最本质的感受，使现代中国人就像以往一样，转向了自然，它不仅是美和真实的，而且充满了寓意和价值。”
“正由于这个原因，本书开始时，就提到在所有伟大的西方批评家中，罗斯金应该对中国山水画有最好的响应。他应能理解中国文化史中关于伦理和美学，社会和艺术的各种对立的主张，因为这种明显的冲突罗斯金自己经历过，最终他也发现自己无能为力。...",human_expert,human_expert,-6.485643,-4.5013127,2.6187422,9.391284,,0.2726116478443146,0.0,0.0,0.10463910126949058,0.0,0.20426916586606197,0.0,0.0,0.33873842950138244,0.0,0.6612615704986177,General_Descriptive_Profile,
薛永年_中国绘画断代史\1.1_雍乾时期宫廷绘画的兴盛.txt,"雍乾时期宫廷绘画的兴盛

雍正、乾隆时期，宫廷绘画得到极大发展，不仅绘画机构及制度进一步完善，而且画家日众，作品丰富，形成了具有时代特色的清代宫廷绘画风格。

雍正时，在内务府中设立了“画作”，专门容纳画家并组织他们进行绘画创作。乾隆时，宫廷绘画机构更加完善，先同时也制定了严密的制度，首先人宫时有考核；其次，被录用后则要进行试用；然后，正式录取的画家还要根据各自的艺术水平高低划分等级；最后，皇帝为...",human_expert,human_expert,5.64045,8.749117,8.748511,1.7963389,,0.1869252771139145,0.4958867346629119,0.8393922472993532,0.4413023610325421,0.3287547032038371,0.41187872446794555,0.19699818245210557,0.3334607189981933,0.17531375001255048,0.13060256400639933,0.1636247845307514,Historically_Focused,
薛永年_中国绘画断代史\1.2_《视学》及线法画与外籍宫廷画家.txt,"《视学》及线法画与外籍宫廷画家

在清代的宫廷中，吸收了许多欧洲传教士为皇家服务。他们大多既精通宗教神学，又具有自然科学的知识，其中一些人还兼擅绘画，成为了供奉内廷的宫廷画家。这一宫廷绘画史上的特殊现象，反映了当时中西文化艺术交流的情况。这些传教士画家，除了奉诏作画、画法结合中西以外，还将西洋绘画的技法传授给一些在宫中任职的中国画家，致使这些画家的作品中表现出程度不同的西洋绘画的因素，特别是注重明...",human_expert,human_expert,-6.926883,-5.521876,1.8439205,9.040086,,0.2693070769309997,0.0,0.0,0.04336055394481211,0.0,0.15431304801165815,0.0,0.0,0.21935429675815055,0.0,0.7806457032418495,General_Descriptive_Profile,
薛永年_中国绘画断代史\1.3_重要的宫廷绘画作品.txt,"重要的宫廷绘画作品

雍乾时期的宫廷绘画主要是传统的中国画，亦有自西方传人的油画和铜版画，其题材内容包括三个方面的内容：一、描写人物肖像的作品：包括帝王御容、后妃肖像、功臣肖像等；二、记录宫廷重大事件与反映朝野生活的作品：如南巡、征讨、平叛、赐宴、庆功、狩猎、行乐、筵宴、婚庆、祝寿等内容，三、供装饰或纯粹观赏的作品：主要是山水画和花鸟画。此外，还有一些表现历史及宗教等题材的作品。其中重要的代表作品...",human_expert,human_expert,1.5342789,-1.5736188,6.4355717,7.6872315,,0.3424586057662964,0.0,0.3106729785601298,0.1907720613348133,0.0,0.3292363758701931,0.0,0.37399774770929545,0.2296573123152083,0.0,0.39634493997549614,General_Descriptive_Profile,
薛永年_中国绘画断代史\1.4_宫廷中的油画作品.txt,"宫廷中的油画作品

随着兼擅西方油画的传教士进入宫廷任职，宫廷中出现了由他们、以及受其传授的中国宫廷画家所创作的油画作品。诸如焦秉贞、冷枚、丁云鹏等著名宫廷画家以及王幼学、王儒学兄第、永泰、张为邦等都学习过油画技法，并创作过油画作品，现存故营博物院的绢质屏风油画《桐荫仕女图》，就被认为是康熙年间中国宫廷画家的作品。清代宫廷中的油画，大都用于装饰墙壁，几乎没有保存下来，现在所能见到的多为单幅作品。乾...",human_expert,human_expert,-6.1192875,-4.982324,2.3411458,9.094865,,0.3055172860622406,0.0,0.0,0.07070345759172648,0.0,0.19512815505794104,0.0,0.0,0.26597084104103413,0.0,0.7340291589589658,General_Descriptive_Profile,
薛永年_中国绘画断代史\1.5_词臣画与宗室画.txt,"词臣画与宗室画

康、雍、乾三朝还有一些学养既富、地位亦显的大臣或宗族擅长绘事，他们的作品也同专职供奉的宫廷画家一一样，署“臣”字款。其中著名的词臣画家有王原祁、宋骏业、董邦达、蒋廷锡、高其佩、钱维城、邹一桂等，宗室画家有允禧、弘等，他们大多受“四王”正统山水画风或恽寿平“常州派”没骨花卉画风的影响，体现着当时一统画坛的主流风格。

宋骏业（？年一1713年），字声求，号坚甫，江苏吴县人，官至兵部...",human_expert,human_expert,1.3988414,-0.20422645,7.3840065,7.9619308,,0.1907623410224914,0.0,0.3386986023849911,0.11843612953363095,0.0,0.21567143404228795,0.0,0.5034118584529581,0.17603306201048116,0.0,0.32055507953656065,Historically_Focused,
薛永年_中国绘画断代史\2.1.1_清代的壁画.txt,"第一节 清代的壁画

清代的壁画与前代相比，在艺术水平上没有更多的超越，但其数量还是比较可观。清代壁画主要是地面建筑壁画，以寺观、宫殿壁画为主。题材广泛，诸如佛道宗教题材、神话传说、历史故事、现实生活、重大事件，以及小说、戏曲、说唱艺术等等内容均有表现，内容丰富多彩，其中最引人注目的是现实重大题材的描绘、民间小说与文学名著的表现。重要的壁画遗存分布在山西、山东、西藏、云南、北京等地。此外，根据文献...",human_expert,human_expert,7.4333434,7.0732546,10.196313,2.7351873,,0.302215039730072,0.44856596680787897,0.7761195600032806,0.4267502257929129,0.0,0.48405151618993214,0.210053215190181,0.36343909483552506,0.19983740106018794,0.0,0.22667028891410598,Historically_Focused,
薛永年_中国绘画断代史\2.1.2_清代的版画.txt,"第二节 清代的版画

清代的版画承继明代版画而蓬勃发展，应用范围更加广泛，种类愈益繁多，内容十分丰富。民间版画中除戏曲小说插图、画谱、笺谱、墨谱和酒牌外，历史人物肖像、地理方志插图、宗教经文插图等也十分盛行；同时，不仅民间版刻中心汲及各地，而且清廷设立了皇家刻书房，在出版皇家图书的同时，也组织绘制刊刻了许多“殿版版画”。此外，除了传统的木刻版画在刻版、拱花等技术上得到发展外，西方的铜版画和石版画也...",human_expert,human_expert,4.8546886,0.7404268,7.5734043,6.4706006,,0.1936937272548675,0.0,0.5728596535821756,0.4140568042794864,0.0,0.30809964490606184,0.0,0.44235716633781863,0.31973100828210493,0.0,0.23791182538007644,Historically_Focused,
薛永年_中国绘画断代史\2.1.3_清代的年画.txt,"第三节 清代的年画

明代后期，随着商业手工业的发展和雕版印刷的繁荣，彩色套印技术的进步，年画得到了空前发展，清代则是年画艺术最为繁荣昌盛的时期。上承明代后期已经出现印制木版年画的作坊，至清代前期全国相继形成了若干年画刻印和销售的中心。这些中心的生产能力强，销行范围广，地区特色鲜明，最著名者有天津杨柳青、苏州桃花坞、山东潍县、河北武强等处。其他的年画产地还有河南朱仙镇、陕西凤翔、四川绵竹、湖南邵阳...",human_expert,human_expert,4.8877215,1.4376528,7.806915,6.330343,,0.1338691860437393,0.0,0.602334293226401,0.3332695722433866,0.0,0.23371449349956075,0.0,0.5151157412403119,0.28501183590167395,0.0,0.19987242285801413,Historically_Focused,
薛永年_中国绘画断代史\2.1.4_清代的铜版画与石印画报.txt,"铜版画与《乾隆平定准部回部战图》

西方的铜版画作品在明万历年间已由传教士利马窦带入中国，而对西方铜版印刷技术的应用，最早则是在康熙年间。最初是运用这一技术制作地图，意大利传教士马国贤（1692年一1745年，原名MatteoRipa）主持制作的《皇舆全览图》，便是铜版印制的全国地图。

到了乾隆时期，清廷为了炫耀武功成就，绘制了一系列表现征战的历史重大事件的铜版画作品，这一新画种得以在宫廷中传播...",human_expert,human_expert,2.463522,2.7309391,6.8272,6.1892624,,0.2294497191905975,0.0,0.4178326461050246,0.3612945503756111,0.2864353656768799,0.27963899164634903,0.0,0.31060969631168456,0.268580235693282,0.21293118853967902,0.2078788794553544,Historically_Focused,
薛永年_中国绘画断代史\2.1_清代的壁画，版画，年画与石印画报.txt,"概况

在清代绘画的发展中，居于主流地位的绘画，无疑是富于观赏性而非突出功能性的卷轴画，特别是文人正统画。至于壁画、版画、年画以及晚清才出现的石印画报，由于都是有较强的功能性，因而不管作者是文人还是画工，过去一直在人们的视野中处于边缘地位，缺乏足够的重视。尽管本世纪以来随着人们历史观念的改变，这些画种开始引起注意，但仍少深入细微的分期研究，故此本书在这一章中只能综合叙述。

清代的壁画总起来看是衰...",human_expert,human_expert,4.080779,-0.72940797,6.7113595,7.1635513,,0.2978869378566742,0.0,0.43715601828363204,0.3755205853896982,0.0,0.3499572042694544,0.0,0.3760049082497911,0.322991283088663,0.0,0.30100380866154586,Historically_Focused,
薛永年_中国美术史：清代卷\1.1.1_承继拓展期.txt,"一、承续拓展期 (Period of Inheritance and Expansion)    

自清朝定鼎北京至康熙中叶，是清代美术发展的前期，可称之为承续拓展期。  这一时期的大多 数美术家出生于明代，甚至在明末已开始了艺术活动。  当时的历史环境是，始而明清易代，民族矛盾上昇，在连年不息的战乱中，社会的生产カ和正常的社会秩序均遭到了严重破坏，继而清朝的统治日趋巩固，社会生产逐渐恢复，新的...",human_expert,human_expert,-8.043858,-7.250476,0.59096956,8.104059,,0.2398664802312851,0.0,0.0,0.0,0.0,0.052862635430167705,0.0,0.0,0.0,0.0,1.0,General_Descriptive_Profile,
薛永年_中国美术史：清代卷\1.1.2_繁荣多彩期.txt,"自康熙后半叶至嘉庆年间，是清代美术发展的中期，可称之为繁荣多彩期。  这一时期，国家统一，政治稳定，经济繁荣，资本主义萌芽生长，为文化艺术的发展提供了良好的条件。  但是，官方籍制思想，文字兴狱，牢笼文士的政策有增无减，新的社会矛盾开始出现并逐渐加剧，因而形成了美术发展演变的新格局。  ②   

以北京为中心，宫廷和官方美术演为隆盛，自觉地为中央集权的政教目的和统治者的生活享受、审美需求服务。 ...",human_expert,human_expert,-8.064551,-2.4635763,3.660142,10.558663,,0.1673845797777176,0.0,0.05420970916748047,0.2388727327772215,0.0,0.1591131229471555,0.0,0.11988111643785075,0.5282509412367807,0.0,0.35186794232536833,Technique_and_Style_Focused,
薛永年_中国美术史：清代卷\1.1.3_古今转型期.txt,"自道光朝至辛亥革命推翻帝制，是清代美术发展的晚期，可称之为古今转型期。  这一时期中，因列强的船坚利炮打开了中国的门户，一个接一个的不平等条约，加速了外国资本的入侵和西方技术文化的播散，中国由封建的主权国家沦为内忧外患交困的半封建半殖民地。  ③ 在这样的形势下,美术家的创作、生存条件发生了世所未有的剧变。  衰朽的清政府，早已丧失了文治武功的雄心，宫廷美术趋于式微。    

而在社会上，美术家...",human_expert,human_expert,-7.2309785,-2.5350957,3.5080183,10.220039,,0.2590262293815613,0.0,0.0,0.25057530654411686,0.0,0.221596879994168,0.0,0.0,0.5306862913319855,0.0,0.4693137086680145,Technique_and_Style_Focused,
薛永年_中国美术史：清代卷\1.2.1_繪畫機構與制度.txt,"第一節 繪畫機構與制度    

胡敬在《國朝院畫錄》的序中寫道：“國朝踵前代舊制，設立畫院，凡象環疆域，摛藻豐碑，紀勳彝鼎，明試諸優，慶賀之典禮，將作之營造，與夫田家作苦，藩衛貢珍，飛走潜植之倫，隨事繪圖 。”“踵前代舊制”，但是在具體的名稱上有所不同，據現存檔案及文獻記載，清代宮廷繪畫機構曾有“畫作”“如意館”“畫院處”等名 。   

一 機構與職掌    

清朝建國之初，忙於征戰，無暇顧...",human_expert,human_expert,5.3840466,-0.60331935,6.436316,6.808564,,0.3625100255012512,0.0,0.5504834519492254,0.31508151883003754,0.0,0.41730345350336584,0.0,0.42910359435890866,0.2456070418961547,0.0,0.3252893637449367,Historically_Focused,
薛永年_中国美术史：清代卷\1.2.2_顺治、康熙间的宫廷绘画.txt,"第二節 顺治、康熙間的宫廷繪畫    

顺治、康熙時期可以視作清代宫廷繪畫的初創階段。顺治帝福臨在位18年（1644～1661）；康熙帝玄燁在位61年（1662～1722）。這一階段，满洲貴族由奪取政權，建立新的王朝，到逐步鞏固政權，政局趨於穩定，經濟逐步恢復和發展，文化上则加强了管理和控制 。   

一 各類宫廷畫家    

順治年間，僅有零星的畫家在宫廷中供職 。留下姓名的畫家有孟永光、...",human_expert,human_expert,5.278916,8.415531,8.775918,1.957031,,0.1469582617282867,0.37079392335353756,0.8805242056647937,0.35511974182491207,0.3602425853411357,0.3418717162514274,0.16061751940494562,0.38141836956438907,0.1538279039412902,0.15604697595421263,0.1480892311351624,Historically_Focused,
薛永年_中国美术史：清代卷\1.2.3_雍正、乾隆及其後的宫廷繪畫.txt,"雍正、乾隆及其後的宫廷繪畫

經過顺治、康熙雨代七十餘年的統治，清朝的政局已趨於穩定，經濟得到了發展，皇室的财富，已經允許更多地投入繪畫及工藝品的製作上去。故此，至雍正、乾隆雨代，宫廷藝術達於鼎盛。

雍正皇帝胤禛在位13年期間，宫廷繪畫得到了较大的發展，“畫作”的成立使清代宫廷繪畫機構趨於完善，創作走上正軌。清代二百餘年閑最為活躍的宫廷畫家幾乎都在此時進入宫廷並初露頭角。宫廷畫那種細緻、规整、艷...",human_expert,human_expert,2.896213,0.029408192,7.539255,7.549416,,0.1734973192214965,0.0,0.3973182770940993,0.31932028736553936,0.0,0.2507170124806184,0.0,0.4107261968249729,0.33009608356789394,0.0,0.2591777196071331,Historically_Focused,
薛永年_中国美术史：清代卷\1.2.4_西学东渐与清代宫廷画.txt,"西学东渐舆清代宫廷畫

任何一個國家或民族的文化藝術，都不可能是封閉式的和孤立發展的。在它們久遠的歷史中，除去自身的變化外，同时也在不間斷地吸收其他國家或民族的文化藝術。

16世紀開始，欧洲的許多國家先後進入了资本主義社會。新興的資產階級爲寻求市場，獲取資源和勞動力，於是陸續來到中國。來華欧洲人當中，有國家的使節和商人，但更多的则是天主教會的神職人員。他們中的大部分人，受過良好的教育，不少人熟悉...",human_expert,human_expert,-7.378744,-2.188946,3.590613,10.357476,,0.2464038878679275,0.0,0.051563431819279984,0.2848131350880744,0.0,0.2249038563991453,0.0,0.09186750450963552,0.5074346498854208,0.0,0.40069784560494387,Technique_and_Style_Focused,
谢柏轲（Jerome Silbergeld）_西方中国绘画史研究专论\1.1_宋以前绘画的考古发现.txt,"宋以前绘画的考古发现

中国大陆自1949年以来在考古上的迅速发展已经不再仅仅是为研究工作提供辅助性资料了。它已经提供了如此之多的新材料，而且经常是在以前鲜为人知的一些领域。许多旧的假说不断面临挑战，而提出各种基本问题的新的意愿也就不断得到强有力的推动。在许多时候，出土的作品使得先前文献缺微的传统见解和说法重新得到证实，但更为常见的是它们导致了新的结论和观点。

由于首次发现晚商壁画的残片，其所使...",human_expert,human_expert,1.5591698,2.7231443,6.1403527,6.33585,,0.3945949375629425,0.0,0.49856926335228813,0.3211103349339728,0.29006892442703247,0.4220956374908533,0.0,0.32546996378916543,0.20962336984147192,0.18935929121430695,0.2755473751550558,Historically_Focused,
谢柏轲（Jerome Silbergeld）_西方中国绘画史研究专论\1.2_宋和宋以后绘画的鉴定.txt,"宋和宋以后绘画的鉴定

绝大多数宋代和许多宋以后的研究，中心议题一直是绘画作品的鉴定。关于中国流传的临本，肯定还要重新评价以往归属的作者权和一大批中国画的年代，特别是那些题有较早和较重要画家之名的作品。如方闻所写的：“在中国古代，真心的临摹（即没有任何欺骗之意的临摹）.....不仅仅是体面的，而且也是艺术的-一种极其必要的形式。它是复制书画珍品的唯一途径，并靠复制来使之流传，使之永存。”（Fong...",human_expert,human_expert,-8.436885,-7.4212465,0.29250276,8.028541,,0.2176330387592315,0.0,0.0,0.0,0.0,0.039784140446606775,0.0,0.0,0.0,0.0,1.0,General_Descriptive_Profile,
谢柏轲（Jerome Silbergeld）_西方中国绘画史研究专论\1.3_笔法鉴赏.txt,西方的结构分析法并没有排斥应用基于笔法分析的鉴赏方法。相反，方闻的两个学生，傅申和王妙莲在《鉴赏研究》一书中，将其研究书法的开拓性体系延伸到绘画上，调和了中国与西方的鉴赏方法。尽管人们可能会问，是否他们的系统化方法充分考虑了一个已知画家的笔法中可能有的风格和表现的范围，从其早年到晚年的变化。他们写道：“我们不必寻求那些机械重复的相似性，而应去发现本能的肌肉反应的种种习惯，它们在任何一个笔触中构成了...,human_expert,human_expert,-9.148415,-6.711218,-0.12670204,7.8336515,,0.1702205389738083,0.0,0.0,0.0,0.0,0.04493986036289821,0.0,0.0,0.0,0.0,1.0,General_Descriptive_Profile,
谢柏轲（Jerome Silbergeld）_西方中国绘画史研究专论\1.4_艺术的个人风格、发展模式、变化幅度和画家性格.txt,很少有研究像罗樾和方闻那样如此广义地改变我们研究中国画风格的思路。绝大多数的风格研究都集中在较为狭窄的个别艺术家的风格发展和他在某个特殊时期的作用上。而且，即使对那些个别画家的研究结果常常是孤立的传记而不是完整的艺术史，但这些细微的研究已扩展了我们的知识总量，为今后任何内容广泛，观点充实的艺术史准备了基础。在那些已经过充分研究的个别画家中，有南唐的董源（Barnhart1969)；宋代的李唐（Ed...,human_expert,human_expert,-8.177208,-6.384669,0.5981545,8.30648,,0.2169000655412674,0.0,0.0,0.0,0.0,0.09862739250641617,0.0,0.0,0.0,0.0,1.0,General_Descriptive_Profile,
谢柏轲（Jerome Silbergeld）_西方中国绘画史研究专论\2.1_关于风格与相关情景的流行理论.txt,"关于风格与相关情境的流行理论

从讨论风格转到绘画的另一些方面，即它的理论、内容和背景等方面，就马上会引出关于艺术的定义和艺术史的通例这些敏感的命题。这些基本命题的特性至少应该在进一步展开之前先提一下。

按照罗樾的观点，艺术史家的中心任务是根据风格史来确定艺术史，以不同于其他的历史。罗樾反对那种认为艺术来源于它周围的世界，并由外在的趣味、价值和事件所创造的观点，他主张艺术只有靠独特艺术家的创造性...",human_expert,human_expert,7.136739,6.6406755,10.377096,2.8865213,,0.3456735014915466,0.3893734486057208,0.6792714529567294,0.44413334046508746,0.0,0.4645766117037299,0.1969163237802124,0.3435253170036448,0.2246098314761299,0.0,0.2349485277400129,Historically_Focused,
谢柏轲（Jerome Silbergeld）_西方中国绘画史研究专论\2.2_宋以前的画论及其哲学背景.txt,"宋以前的画论及其哲学背景

研究传统画论也提出了这个问题：是否要把孤立的艺术研究转向以多学科为背景的研究。近年来的许多努力，是在更明确的哲学或宗教背景中解释画论。在1979年于缅因州约克举行的关于中国艺术理论的会议上（参见Bush&C·Murck1983）有四篇论文是关于早期中国山水艺术理论的。其共同之处是认为宋以前的思想相当强烈地具有巫术信念的倾向，有人认为其核心是泛神论。这些信念“并不像有的人...",human_expert,human_expert,4.855413,-1.1734523,6.2676716,7.0086365,,0.3655030429363251,0.0,0.48244939578904045,0.37643375111853367,0.0,0.4333784588529195,0.0,0.3733372512488443,0.291298410043687,0.0,0.3353643387074686,Historically_Focused,
谢柏轲（Jerome Silbergeld）_西方中国绘画史研究专论\2.3_后期画论及其哲学背景.txt,现在的学者日益认识到佛教、道教引发了早期中国画论中的奇谈妙论，并逐渐对此按照词句本义加以研究，而不再将其当作诗意的比喻。曾一度主要依照佛道哲学来看待的许多后期的中国画论，近来已开始用新儒学的理性主义来探讨。例如宗像清彦译注的10世纪全景山水画先驱荆浩的《笔法记》就是这样（Munakata 1975）。此前罗樾曾写道荆浩，特别提到他对艺术史模式的选择，说他“只考虑纯粹的艺术问题·..··而与任何非艺...,human_expert,human_expert,5.1572137,0.56236476,7.4398565,6.525824,,0.2229606062173843,0.0,0.5918530623118083,0.3680911029378573,0.0,0.35257602811736216,0.0,0.4509287287942738,0.2804460493621722,0.0,0.2686252218435539,Historically_Focused,
谢柏轲（Jerome Silbergeld）_西方中国绘画史研究专论\2.4_诗画关系.txt,"诗画关系

中国人关于诗书画关系的理论至少可以上溯到唐代。早期关于诗画关系的看法是依据其“可变换性”提出的，这几乎在30年前就由傅汉思（Frankel1957)论述过。而苏立文的敏感之作《诗书画三绝》（Sullivan1974）则探索了这三种艺术形式相互间有时很微妙的审美作用。但和中国人认为可变换的传统主张很不相同的观点，是饶宗颐在其研究词画关系时的结论：“说到底，画终归是画，诗依旧是诗。两者的形...",human_expert,human_expert,-4.928298,-5.023883,2.6428444,8.676408,,0.3894344568252563,0.0,0.0,0.04480230070321875,0.0,0.22691267972343898,0.0,0.0,0.16488712044094286,0.0,0.835112879559057,General_Descriptive_Profile,
谢柏轲（Jerome Silbergeld）_西方中国绘画史研究专论\3.1_道释图像学.txt,"道释图像学

鉴于佛画的偶像特征，人们长期以来将主要的研究兴趣集中在它的内容上。有的批评家瞧不起佛画，视之为末流艺术品。和日本及中国相比，西方近来很少研究传统的佛画。在少数几项重要研究中，有对张胜温百科式长卷（约作于1175年）的研究 (Chapin1970-71；Matsumota1976）和对大英博物馆藏敦煌佛蟠和经卷画的研究（Whitefield1982一83）。另一方面，禅画在中国还没有编...",human_expert,human_expert,-8.261762,-6.189498,0.52787226,8.500271,,0.2095217853784561,0.0,0.0,0.0,0.0,0.10651447161793068,0.0,0.0,0.0,0.0,1.0,General_Descriptive_Profile,
谢柏轲（Jerome Silbergeld）_西方中国绘画史研究专论\3.2_作为政治说教的宫廷画.txt,"作为政治说教的宫廷画

在以往20年中，对宋和宋以后绘画研究的注意力集中在以儒学为基础的政治性图像学上，超过了对道释题材的兴趣【宋以前儒学宫廷画的存世之作今已几乎没有了，但这一研究的文献，资料雷德侯（Ledderose1973)曾做过考察）。这方面研究得最深人细致的是作于南宋第一个皇帝高宗时期画院的-一组作品，它们支持宋朝在1127年被金人攻占中原后进行“中兴”的政治运动。

这组作品包括了传为李...",human_expert,human_expert,-2.8723054,-4.7806773,3.2471101,8.124865,,0.4240059554576874,0.0,0.1946866710980733,0.0973348973538069,0.0,0.2893313400741208,0.0,0.33488552003927224,0.1674282452643025,0.0,0.49768623469642537,General_Descriptive_Profile,
谢柏轲（Jerome Silbergeld）_西方中国绘画史研究专论\3.3_文人画的政治性图像.txt,"文人画的政治性图像

更多的研究兴趣仍是元和元以后文人画家的作品，其政治性图像大部分或全部都隐蔽起来，常在题跋中隐蔽得与所绘主题本身一样微妙。假使文人业余画家的正式职业是政治的话，那么这有说：这类作品的存在就一点都不必大惊小怪。然而他们的政治主张，有时是不满和抱怨，好像和适于文人画表现的新儒学的题材情感不尽一致（Cahill1960：132一33)。它们对现代的一些观点也是例外。现代的那些观点认为...",human_expert,human_expert,1.3601027,-2.582695,5.7428565,7.6571584,,0.4552474617958069,0.0,0.2734430283308029,0.2679039278670269,0.0,0.424779964934656,0.0,0.28303013025480683,0.2772968250931173,0.0,0.43967304465207585,General_Descriptive_Profile,
谢柏轲（Jerome Silbergeld）_西方中国绘画史研究专论\3.4_传统文学题材图卷.txt,"在所有这些作品中，绘画图像的研究和文学与文化的研究是不可分离的。方闻在撰写这种交叉研究不断增长的需要时说：“。的统-观念，这个事实使问题变得很清楚，艺术史家必须学会把画家的文学素养和知识背景作为我们研究的组成部分，必须求得我们文学和文化史同事的帮助，以阐释后期的中国绘画。”（Fong 1985:21)。

已经有一批传统的文学题材用这种方法作了考察，包括《潇湘八景》、（A·Murck1984的研究...",human_expert,human_expert,-6.490201,-4.3318677,2.5167444,9.478638,,0.2688770294189453,0.0,0.08036600550015768,0.07770280029405566,0.0,0.20593793194536814,0.0,0.22078164266743136,0.2134652802763392,0.0,0.5657530770562295,General_Descriptive_Profile,
谢柏轲（Jerome Silbergeld）_西方中国绘画史研究专论\4.1_内容与相关情境之关系.txt,"内容与相关情境之关系

内容与其相关的情境常形成各种理解一一或各种误解，相互产生影响。如一特别的例子是1957年洛阳出土的一幅著名墓室壁画（第61号墓），它像是画了大将项羽为其敌手刘邦在鸿门设宴的场景，刘邦靠参乘樊会的救助才免于一死。后来刘邦建立了汉朝，他封樊会为舞阳侯。这个人们熟知的戏剧性事件可能是现存最早的重要历史故事画。其人物刻画具有惊人的历史准确性（鲁莽的敌对方将领，武勇的樊会，女人气的张...",human_expert,human_expert,-1.6992567,-2.859334,3.8810074,7.8595695,,0.711435079574585,0.0,0.26016531387964886,0.0,0.0,0.4714988764956902,0.0,0.3555802201364887,0.0,0.0,0.6444197798635112,General_Descriptive_Profile,
谢柏轲（Jerome Silbergeld）_西方中国绘画史研究专论\4.2_艺术赞助之研究的若干命题.txt,"艺术赞助之研究的若干命题

中文没有这里所用的艺术“赞助”词，所以西方艺术史家必须探寻一种方式，向中国人表明其含义。将近-千年之久的业余绘画传统有助于说明这个未充分发展的情况，因为在其传统中可能没有商业性的资助。没有-种文化像中国那样在职业与业余的艺术技巧之间有如此巨大的鸿沟，在那里的两种艺术形态服务于迥然不同的社会自的。至少从晚明以来，风格与趣味使得这种对立明确和强化了，如果画家敢于冲破社会风格...",human_expert,human_expert,-5.392198,-5.094869,2.607931,8.897948,,0.324309229850769,0.0,0.0,0.030694458184435086,0.0,0.25837380881296756,0.0,0.0,0.10618411527236536,0.0,0.8938158847276347,General_Descriptive_Profile,
谢柏轲（Jerome Silbergeld）_西方中国绘画史研究专论\4.3_皇家赞助.txt,现在有一系列重要的研究在文献资料上显示了宋、元、明初和清中叶皇家赞助最重要阶段的组织特征。文礼(A·G·Wenley)开始了西方对这个课题的研究，他不安地注意到，在宋代的正史里没有提到-一个“图画院”。文礼解释说，尽管宋代画史中描述了--个皇家画院，但当时那些品行高尚的朝廷大臣们只是--时顺从皇家的“雅兴”，才把光会画画的人提升为官，并总在设法将他们散置于朝廷中各个微不足道的司局里，以阻止正式地建...,human_expert,human_expert,-10.106206,-6.951932,-0.5678776,7.7281885,,0.1255965828895568,0.0,0.0,0.0,0.0,0.0,0.0,0.0,0.0,0.0,0.0,Lacks_Specific_Focus,
谢柏轲（Jerome Silbergeld）_西方中国绘画史研究专论\4.4_赞助与文人.txt,"赞助与文人

回到文人画和它的业余基础，对私家收藏的研究自然比对赞助的认真思考要早，并先从绘画著录文献、作品流传，以及发生影响的方式和对收藏家趣味的反映上着眼。（例如Lovell1970；Riely1974-75；Lawton1970)。但越来越多的研究表明，业余性通常是名大于实。最著名的“业余画家”中，许多人靠他们的画获得某种程度或方式的实利，或者是应朝廷之命作画，他们包括南唐的董源、巨然：宋代...",human_expert,human_expert,-7.8198524,-4.161548,2.7583675,9.963767,,0.2098119705915451,0.0,0.0,0.12852744050323964,0.0,0.15245915434378032,0.0,0.0,0.4574148477553351,0.0,0.5425851522446651,General_Descriptive_Profile,
谢柏轲（Jerome Silbergeld）_西方中国绘画史研究专论\4.5_艺术地位与艺术：职业画家与业余画家.txt,"艺术地位与艺术：职业画家与业余画家

所有这些命题提出的问题是，在职业性与业余性的艺术中，职业画家与业余画家的不同身份地位真的造成了什么差别吗？对此，班宗华在对姚彦卿的考察中作了回答。这位14世纪的画家，以前人们只知道他的一幅画，而从其保守的画风，人们推断出它的作者一定是个职业画家，没什么名气，现在早为人淡忘了。可班宗华发现，这里的“职业”画家不是别人，而是以几幅“业余风格”的精品著名的文人姚廷美...",human_expert,human_expert,-9.009993,-6.881975,-0.1708407,7.837606,,0.1758846044540405,0.0,0.0,0.0,0.0,0.04164546973042109,0.0,0.0,0.0,0.0,1.0,General_Descriptive_Profile,
谢柏轲（Jerome Silbergeld）_西方中国绘画史研究专论\4.6_艺术中的妇女.txt,"艺术中的妇女

由魏玛莎编的《中国和日本艺术中的妇女>是迄今所编的第一本研究文集，它提出了这个领域中许多令人惊讶的题目（Weidner），包括对传统的中国女画家社会身份的考察，（Laing）论女画家的几篇论文，（Weidner&Cahill)论有关妇女的画题 (S.Cahill论西王母；Murray论《孝女经》；Rosenzweig论明末清初绘画中的“怨妇”；以及论女赞助人的论著，如Fu1978一...",human_expert,human_expert,-3.9037292,-4.319716,3.0486429,8.381184,,0.5099543929100037,0.0,0.0,0.03325253488386378,0.0,0.26760542730957687,0.0,0.0,0.11052569339176611,0.0,0.8894743066082339,General_Descriptive_Profile,
谢柏轲（Jerome Silbergeld）_西方中国绘画史研究专论\4.7_欧洲绘画的影响.txt,"欧洲绘画的影响

察，那就是由耶苏会士带到中国来的绘画与书籍插图造成的西方艺术的冲击。人们长期以来认为这种影响开始于康熙时代，局限在一些次要的宫廷画家身上，但向达在1930年第一次提出一个看法，认为在1579年利马窦（MatteoRicci)来华后不久就能察觉西方的影响(Hsiang1976)。然而，这种可能性直到苏立文(1970)和高居翰（1970b)在台北中国画国际讨论会上宣读他们有关这个题目...",human_expert,human_expert,-3.1865664,-4.723733,3.205,8.104768,,0.412330150604248,0.0,0.14018536607424417,0.04997022314654554,0.0,0.33351585680100926,0.0,0.2676971737512086,0.0954228524892026,0.0,0.6368799737595888,General_Descriptive_Profile,
贡布里希_西方人的眼光—评苏立文的《永恒的象征—中国山水画艺术\1_中国山水画的特点.txt,"""中国山水画表现的特点恰好说明拉斯金把“外观逼真”（truth to appearance)作为检验美术成就必不可少的标准是错误的。这并不是因为中国山水画的象征符号传达了更深刻、更重要或更基本的真理，而是因为所有的艺术都以象征符号来发挥作用。画家可以用无数的方式来组合、修改和完善各种描绘山石松柏、飞瀑流云或茅亭屋舍的古老程式，它们或多或少能表现自然的外观，但从不能脱离画家的意图和认识去绝对忠实地记...",human_expert,human_expert,-7.5855956,-5.7202897,0.90536565,8.676517,,0.2204371392726898,0.0,0.0,0.0,0.0,0.16500880222339281,0.0,0.0,0.0,0.0,1.0,General_Descriptive_Profile,
贡布里希_西方人的眼光—评苏立文的《永恒的象征—中国山水画艺术\2_中西方艺术批评在评价标准和表述方式上的差异.txt,"""中国批评家提出的绘画品评标准的模糊性和多义性，使西方学者感到头痛，但用“神奇的魔力”（magic）这个词来概括这些品评标准，任其在字面意义与隐喻意义之间游移，岂不荒谬吗？"" (source 19, p. 376-377)
""我们在剧院或音乐厅里都体验过一种困惑感：有些无解可击的演出会因为“缺乏神奇，的魔力”而莫名其妙地失败。我们的困惑感显然是因为感到自己无力去作出分析，更不用说去证明这种失败。""...",human_expert,human_expert,-8.386312,-2.78991,3.435273,10.56999,,0.1995716840028762,0.0,0.0,0.2440955333302126,0.0,0.1079887011173096,0.0,0.0,0.6932873143645254,0.0,0.30671268563547455,Technique_and_Style_Focused,
贡布里希_西方人的眼光—评苏立文的《永恒的象征—中国山水画艺术\3_质疑.txt,"""无疑这些诗句表明了对壮丽的山色景致，西方诗人和东方画家有很多人类共同的反应。但它们也可用来表明两者之间的区别。华滋华斯觉得全能的上帝有压倒--切的威力，他敬畏造物主。中国画家也有这种敬畏感吗？难道我们不可以说是他们自己的能力体现在巫术、礼仪、园艺和绘画里。"" (source 19, p. 373-374)
""讲到这里，我们可能更多地不是想到华滋华斯的诗作，而是莱奥纳多（Leonardo)《比较》...",human_expert,human_expert,-6.865359,-7.5327864,1.2123371,8.347485,,0.3533326089382171,0.0,0.0,0.0,0.0,0.02167372174285859,0.0,0.0,0.0,0.0,1.0,General_Descriptive_Profile,
贡布里希_西方人的眼光—评苏立文的《永恒的象征—中国山水画艺术\4_对苏立文著作的肯定及商榷.txt,"""迈珂·苏立文教授的《永恒的象征一一中国山水画的艺术》是本引人人胜的书，以他1974年在牛津大学斯莱德讲座（Slade Lecture）上妙趣横生的演讲为基础写成的。这本书旨在给“任何热爱艺术，但对世界最伟大艺术传统之一的中国画所知甚少而有意多多了解的人看的”。作者以充满热情、富于诚意的文辞，克服了许多原来会妨碍其意图实现的困难。"" (source 19, p. 371)
""这种有感染力的文句为这...",human_expert,human_expert,5.6269903,-2.411961,5.7922773,6.9869857,,0.6629006862640381,0.0,0.5195301837391324,0.4963592278752841,0.0,0.59156690797903,0.0,0.3232001874057334,0.3087855152423812,0.0,0.36801429735188546,General_Descriptive_Profile,
高居翰（James Cahill）_明清绘画中作为思想观念的风格\1_开篇.txt,"悸论之所以情谬是因为它看起来荒谬却能得到证实，看起来真实却又能被驳斥。当悸论的议题一确立，揭示了某些刚才还像是非真实的意想之外的真实时，人们可以完全随意地将它否定，再把它看成始终都像是真的真实。因为学论只是人们思想中的-种结构，而思想也不过是被期待的东西，也就是说它要求有人去作这种期待，所以，在一个不同的思想中，论就容易变成不同的结构。

列文森的“职业的反职业化悸论”（ParadoxofanAc...",human_expert,human_expert,-6.758883,-3.6801956,2.891708,9.847428,,0.2746841013431549,0.0,0.11660132805506389,0.12975192742750924,0.0,0.1714176195250316,0.0,0.2791035350488264,0.3105815536450389,0.0,0.4103149113061346,General_Descriptive_Profile,
高居翰（James Cahill）_明清绘画中作为思想观念的风格\2.1_儒生对佛教美学的选择.txt,"儒生对佛教美学的选择 (The Confucian Choice of a Buddhist Aesthetic)

对应的原文：
“列文森的论有两个方面，第-个叫做“儒家对佛教美学的选择”。他以问题的形式提出：“....明代的儒生，那些在文学上最学究气的人，怎样.排斥和学问有关的绘画理论，转而出于明智的考虑去赞赏一-种神秘抽象的反知识论呢？”他的问题缘起于董其昌提出的绘画南北宗论。董其昌是晚明最...",human_expert,human_expert,3.0674064,0.16979891,7.372098,7.4421077,,0.1828127205371856,0.0,0.4143884645568,0.3103716302516998,0.0,0.25414362743018776,0.0,0.4233189180332476,0.31706042504558113,0.0,0.2596206569211712,Historically_Focused,
高居翰（James Cahill）_明清绘画中作为思想观念的风格\2.2_仿的问题.txt,"仿的问题 (The Problem of Fang [Imitation])

对应的原文：
""也许有人认为这现象需要解释，但那是一一种遁词；因为列文森的文章要点和他的学论是讲以传统方法及其派生风格作画的人在倡导一种反传统的绘画创作论，强调天性和独创性，并不在乎是否受到禅学的启迪。画家们在其题跋中说自己仿某家某法，似乎就承认这一点，批评家们也是以赞赏的口吻讲到这种情况，而不带任何贬义。列文森举了一...",human_expert,human_expert,-9.946278,-7.281428,-0.67888504,7.5793586,,0.1403259932994842,0.0,0.0,0.0,0.0,0.0,0.0,0.0,0.0,0.0,0.0,Lacks_Specific_Focus,
高居翰（James Cahill）_明清绘画中作为思想观念的风格\3.1_没有绘画的绘画研究.txt,"没有绘画的绘画研究

“我在上面提到的内在和外在的解释，在另一种意义上说，都是外在的。因为它们在画论和思想观念之间游移，那些都是在绘画以外起作用的因素；或者在理论或历史情境之间作文章，而从不涉及绘画作品本身。解释者好像没注意到他们从事的领域与他们设想的课题竟然那样遥远；他们好像常以为绘画和画论是一回事，可 以用画论和画评的各种概念，联系当时的思潮与历史环境，就能有 效地把绘画结合到它的思想--历史...",human_expert,human_expert,1.3144393,1.1652707,6.4859333,7.4460716,,0.3961136043071747,0.0,0.49238772524727714,0.05585820626686601,0.0,0.3746747957034544,0.0,0.5335103121280173,0.06052329806836843,0.0,0.4059663898036143,Historically_Focused,
高居翰（James Cahill）_明清绘画中作为思想观念的风格\4.1_绘画在历史中的位置.txt,"绘画在历史中的位置
“对于人们在绘画与人文历史其他因素之间能生动地勾划出来的联系，我自已的看法是建立在罗樾的观点上的，因为这不难理解上回响。我可以凭记忆概述他的意思。他说，当艺术史家向常识妥协时，他就在逃避自己的责任。因为常识把绘画看作在历史和思想背景衬托之下的东西，犹如一面墙衬托的一幅画，人们靠背景来说明绘画，并在和背景的联系中真正理解绘画。而艺术史家的职责不光是接受别人提供的成果来解释自已的课...",human_expert,human_expert,5.516474,8.5071745,9.005836,2.4173203,,0.2570834159851074,0.3772756793833041,0.7559032986561458,0.3981638993702683,0.23821371793746948,0.41006883899158336,0.17309197875907406,0.3468042200037287,0.18267537765774813,0.10929112598180703,0.18813729759764214,Historically_Focused,
