file_id,text_preview,stance_label_en,stance_label_zh,stance_score,features,quality
聂崇正_清代宫廷绘画\1_清以前的宫廷绘画概述.txt,"古今中外，在皇室宫廷内召集畫家作畫的事例很多，但在具體做法上则不相同。根據史料記载，我國在商周時，宫廷的壁上就畫有圖，這些圖畫的作者都未能留下姓名，但“畫聖”的吴道子等都是宫廷師。

公元十世紀後期，中原地區繁，形成了五代十國的爭局面，地處四川的西蜀和江南的南唐，相對來比较穩定。許多中原地區的家爲躲避祸而逃往西蜀和南唐，相應地推動了這兩個地區繪畫的發展，再加上西蜀和南唐的統治者對於繪很有興趣，於是...",Objective Description,客观中性描述,0.15286050736904144,"{'Cross-cultural Influence': {'score': 0.09913492202758789, 'zh': '跨文化影响'}, 'Layout and Structure': {'score': 0.022845957428216934, 'zh': '布局与结构'}, 'Emotional Expression': {'score': 0.014941117726266384, 'zh': '情感传递'}, 'Texture Strokes (Chunfa)': {'score': 0.013176689855754375, 'zh': '皴法特点'}, 'Use of Color': {'score': 0.011911292560398579, 'zh': '色彩运用'}, 'Brushwork Technique': {'score': 0.00781248789280653, 'zh': '笔法技巧'}, 'Symbolism': {'score': 0.006518078967928886, 'zh': '象征意义'}, 'Spatial Representation': {'score': 0.006407349370419979, 'zh': '空间营造'}, 'Historical Context': {'score': 0.005351283587515354, 'zh': '历史背景'}, 'Artistic Conception': {'score': 0.004084164276719093, 'zh': '意境表达'}, 'Genre': {'score': 0.004004610702395439, 'zh': '题材选择'}, 'Technique Inheritance & Innovation': {'score': 0.003981730435043573, 'zh': '技法传承与创新'}, 'Subject Matter': {'score': 0.0033785500563681126, 'zh': '主题内容'}, 'Style/School': {'score': 0.003050906118005514, 'zh': '风格流派'}, 'Artist Biography': {'score': 0.0021948597859591246, 'zh': '画家生平'}, 'Line Quality': {'score': 0.0021766696590930223, 'zh': '线条质量'}, 'Ink Application': {'score': 0.002010977128520608, 'zh': '墨法变化'}}","{'Subjective/Biased View': {'score': 0.01420281920582056, 'zh': '观点主观片面'}, 'Logical Gaps': {'score': 0.007582159712910652, 'zh': '逻辑存在跳跃'}, 'Lacks Examples': {'score': 0.006725981831550598, 'zh': '缺乏具体例证'}, 'Superficial Treatment': {'score': 0.004973981063812971, 'zh': '论述流于表面'}, 'Classical Citations': {'score': 0.0045782336965203285, 'zh': '引用经典佐证'}, 'Clear Logic': {'score': 0.004103406332433224, 'zh': '逻辑清晰严密'}, 'Profound Insight': {'score': 0.0033479684498161077, 'zh': '见解深刻独到'}, 'Overly General Content': {'score': 0.003148307092487812, 'zh': '内容较为宽泛'}, 'Strong Argumentation': {'score': 0.002918505808338523, 'zh': '论证充分有力'}, 'Objective Viewpoint': {'score': 0.0023547238670289516, 'zh': '观点客观公允'}, 'Detailed Analysis': {'score': 0.0011811511358246207, 'zh': '细节分析具体'}}"
聂崇正_清代宫廷绘画\2.1_绘画机构的设置.txt,"關於清朝宫廷繪機構的設置，目前學術界存在不同的看法。一種意見爲在清朝宫廷種意見爲清朝宫廷内有類似於前代畫院的機構，但名上有其自己的特點，如爲“作”、“院處”、“如意館”等。然對於以上名尚有歧见，但清朝宫廷微召有聚多的

關於康熙時清朝的宫廷繪未有專門機構設置的記載，雍正時設有“作”，隶内務府

The painting set up in Yongzheng’s reign was called ...",Historical Research,历史考证型,0.15928396582603455,"{'Cross-cultural Influence': {'score': 0.9150230288505554, 'zh': '跨文化影响'}, 'Genre': {'score': 0.8454742431640625, 'zh': '题材选择'}, 'Subject Matter': {'score': 0.825329065322876, 'zh': '主题内容'}, 'Historical Context': {'score': 0.7977846264839172, 'zh': '历史背景'}, 'Layout and Structure': {'score': 0.7556689381599426, 'zh': '布局与结构'}, 'Artistic Conception': {'score': 0.7028106451034546, 'zh': '意境表达'}, 'Emotional Expression': {'score': 0.6697684526443481, 'zh': '情感传递'}, 'Artist Biography': {'score': 0.6356406211853027, 'zh': '画家生平'}, 'Texture Strokes (Chunfa)': {'score': 0.6335171461105347, 'zh': '皴法特点'}, 'Symbolism': {'score': 0.6121821999549866, 'zh': '象征意义'}, 'Line Quality': {'score': 0.5978018045425415, 'zh': '线条质量'}, 'Use of Color': {'score': 0.593592643737793, 'zh': '色彩运用'}, 'Spatial Representation': {'score': 0.5759875178337097, 'zh': '空间营造'}, 'Style/School': {'score': 0.5631016492843628, 'zh': '风格流派'}, 'Technique Inheritance & Innovation': {'score': 0.5467445254325867, 'zh': '技法传承与创新'}, 'Brushwork Technique': {'score': 0.4024811387062073, 'zh': '笔法技巧'}, 'Ink Application': {'score': 0.3806791603565216, 'zh': '墨法变化'}}","{'Subjective/Biased View': {'score': 0.7398954629898071, 'zh': '观点主观片面'}, 'Logical Gaps': {'score': 0.6636800765991211, 'zh': '逻辑存在跳跃'}, 'Strong Argumentation': {'score': 0.661154568195343, 'zh': '论证充分有力'}, 'Classical Citations': {'score': 0.6513252854347229, 'zh': '引用经典佐证'}, 'Lacks Examples': {'score': 0.60952228307724, 'zh': '缺乏具体例证'}, 'Overly General Content': {'score': 0.6030774712562561, 'zh': '内容较为宽泛'}, 'Superficial Treatment': {'score': 0.5915229320526123, 'zh': '论述流于表面'}, 'Detailed Analysis': {'score': 0.543071985244751, 'zh': '细节分析具体'}, 'Objective Viewpoint': {'score': 0.5289105772972107, 'zh': '观点客观公允'}, 'Profound Insight': {'score': 0.5051803588867188, 'zh': '见解深刻独到'}, 'Clear Logic': {'score': 0.5017170310020447, 'zh': '逻辑清晰严密'}}"
聂崇正_清代宫廷绘画\2.2_画家的工作场所与称谓.txt,"清代宫廷家和明代的宫廷家相似，都被分配在某一殿内供職，家不是固定於一處作，經常有更動。家在某宫殿作，就作“某某宫畫畫人”，調往别處，也隨之改變。在檔案中見於記载的有如下名：
慈寧宫畫畫人（雍正至乾隆初）
南薰殿畫畫人（乾隆）
啟祥宫畫畫人（乾隆）
如意館畫人（乾隆）
春雨舒和畫畫人（乾隆）
咸安宫畫畫人（乾隆）
禮器館畫畫人（乾隆）

The court painters of QingDynas...",Comparative Analysis,比较分析型,0.1810186505317688,"{'Subject Matter': {'score': 0.9808640480041504, 'zh': '主题内容'}, 'Cross-cultural Influence': {'score': 0.9735132455825806, 'zh': '跨文化影响'}, 'Genre': {'score': 0.948224663734436, 'zh': '题材选择'}, 'Layout and Structure': {'score': 0.9012035727500916, 'zh': '布局与结构'}, 'Historical Context': {'score': 0.878598690032959, 'zh': '历史背景'}, 'Ink Application': {'score': 0.8608541488647461, 'zh': '墨法变化'}, 'Symbolism': {'score': 0.8525742292404175, 'zh': '象征意义'}, 'Use of Color': {'score': 0.8194707632064819, 'zh': '色彩运用'}, 'Technique Inheritance & Innovation': {'score': 0.8138361573219299, 'zh': '技法传承与创新'}, 'Line Quality': {'score': 0.7925292253494263, 'zh': '线条质量'}, 'Brushwork Technique': {'score': 0.7924493551254272, 'zh': '笔法技巧'}, 'Artist Biography': {'score': 0.7843180894851685, 'zh': '画家生平'}, 'Emotional Expression': {'score': 0.7631170749664307, 'zh': '情感传递'}, 'Spatial Representation': {'score': 0.7597588896751404, 'zh': '空间营造'}, 'Texture Strokes (Chunfa)': {'score': 0.7477931380271912, 'zh': '皴法特点'}, 'Artistic Conception': {'score': 0.7348381876945496, 'zh': '意境表达'}, 'Style/School': {'score': 0.7244564890861511, 'zh': '风格流派'}}","{'Subjective/Biased View': {'score': 0.9774581789970398, 'zh': '观点主观片面'}, 'Detailed Analysis': {'score': 0.9012252688407898, 'zh': '细节分析具体'}, 'Lacks Examples': {'score': 0.8780629634857178, 'zh': '缺乏具体例证'}, 'Logical Gaps': {'score': 0.8494256138801575, 'zh': '逻辑存在跳跃'}, 'Overly General Content': {'score': 0.8436743021011353, 'zh': '内容较为宽泛'}, 'Superficial Treatment': {'score': 0.8124595880508423, 'zh': '论述流于表面'}, 'Classical Citations': {'score': 0.7733535170555115, 'zh': '引用经典佐证'}, 'Objective Viewpoint': {'score': 0.7096172571182251, 'zh': '观点客观公允'}, 'Strong Argumentation': {'score': 0.6337034702301025, 'zh': '论证充分有力'}, 'Profound Insight': {'score': 0.6265857219696045, 'zh': '见解深刻独到'}, 'Clear Logic': {'score': 0.4051988124847412, 'zh': '逻辑清晰严密'}}"
聂崇正_清代宫廷绘画\2.3_宫廷绘画的管理制度.txt,"清代宫廷繪機構中有比较密的制度，根據内務府檔案的記载主要有如下點：
考核制度。

Thecourt paintingsetupinQingDynastyhadcertainregulationsthatwere quite strict.Accordingto the archives of the ImperialHouseholdDepartment,theseregulationsmaybe...",Comparative Analysis,比较分析型,0.34712642431259155,"{'Genre': {'score': 0.9990411996841431, 'zh': '题材选择'}, 'Cross-cultural Influence': {'score': 0.9988386631011963, 'zh': '跨文化影响'}, 'Emotional Expression': {'score': 0.9985529780387878, 'zh': '情感传递'}, 'Subject Matter': {'score': 0.9982507824897766, 'zh': '主题内容'}, 'Symbolism': {'score': 0.9981175065040588, 'zh': '象征意义'}, 'Historical Context': {'score': 0.9980206489562988, 'zh': '历史背景'}, 'Style/School': {'score': 0.9977604150772095, 'zh': '风格流派'}, 'Artistic Conception': {'score': 0.9957748055458069, 'zh': '意境表达'}, 'Layout and Structure': {'score': 0.9929994940757751, 'zh': '布局与结构'}, 'Ink Application': {'score': 0.9910539984703064, 'zh': '墨法变化'}, 'Line Quality': {'score': 0.9909003973007202, 'zh': '线条质量'}, 'Artist Biography': {'score': 0.9888309836387634, 'zh': '画家生平'}, 'Technique Inheritance & Innovation': {'score': 0.9827770590782166, 'zh': '技法传承与创新'}, 'Texture Strokes (Chunfa)': {'score': 0.9777061939239502, 'zh': '皴法特点'}, 'Use of Color': {'score': 0.966744065284729, 'zh': '色彩运用'}, 'Brushwork Technique': {'score': 0.9422304034233093, 'zh': '笔法技巧'}, 'Spatial Representation': {'score': 0.9078771471977234, 'zh': '空间营造'}}","{'Lacks Examples': {'score': 0.9967086911201477, 'zh': '缺乏具体例证'}, 'Superficial Treatment': {'score': 0.9952475428581238, 'zh': '论述流于表面'}, 'Logical Gaps': {'score': 0.9950562119483948, 'zh': '逻辑存在跳跃'}, 'Subjective/Biased View': {'score': 0.9945936799049377, 'zh': '观点主观片面'}, 'Overly General Content': {'score': 0.9937774538993835, 'zh': '内容较为宽泛'}, 'Objective Viewpoint': {'score': 0.9885396957397461, 'zh': '观点客观公允'}, 'Detailed Analysis': {'score': 0.9837525486946106, 'zh': '细节分析具体'}, 'Classical Citations': {'score': 0.9832900762557983, 'zh': '引用经典佐证'}, 'Strong Argumentation': {'score': 0.9772756695747375, 'zh': '论证充分有力'}, 'Profound Insight': {'score': 0.9387049674987793, 'zh': '见解深刻独到'}, 'Clear Logic': {'score': 0.9244378209114075, 'zh': '逻辑清晰严密'}}"
聂崇正_清代宫廷绘画\3.1_清代宫廷绘画的分期.txt,"清代宫廷畫的發展大致可以分爲三個時期，即順治、康熙時期；雍正、乾隆時期；嘉以後時期。分述如下：

顺治、康熙時期
的畫家供職作畫。順治時宫中的家有孟永光丶張行、王國材、黄應湛等人，人數很少，也没有什作品流傅下來。康熙皇帝玄燁在位六十一年，這期間供奉宫廷的家人數有所增加，而且出現了像焦秉贞丶冷枚、陳枚、唐岱等比较有影響的家。由於玄對西方科學文化的重視，西洋繪也隨之傅入宫廷中，亚且對清代宫廷繪畫有一定...",Socio-cultural Interpretation,社会文化解读型,0.1685958057641983,"{'Cross-cultural Influence': {'score': 0.9886946678161621, 'zh': '跨文化影响'}, 'Layout and Structure': {'score': 0.96869295835495, 'zh': '布局与结构'}, 'Genre': {'score': 0.9584821462631226, 'zh': '题材选择'}, 'Line Quality': {'score': 0.9519312977790833, 'zh': '线条质量'}, 'Historical Context': {'score': 0.9517326354980469, 'zh': '历史背景'}, 'Artistic Conception': {'score': 0.9420510530471802, 'zh': '意境表达'}, 'Style/School': {'score': 0.93992680311203, 'zh': '风格流派'}, 'Use of Color': {'score': 0.9394761323928833, 'zh': '色彩运用'}, 'Technique Inheritance & Innovation': {'score': 0.9243649244308472, 'zh': '技法传承与创新'}, 'Subject Matter': {'score': 0.9088254570960999, 'zh': '主题内容'}, 'Symbolism': {'score': 0.8984764814376831, 'zh': '象征意义'}, 'Texture Strokes (Chunfa)': {'score': 0.8963516354560852, 'zh': '皴法特点'}, 'Artist Biography': {'score': 0.8834188580513, 'zh': '画家生平'}, 'Brushwork Technique': {'score': 0.8266746401786804, 'zh': '笔法技巧'}, 'Emotional Expression': {'score': 0.7799729108810425, 'zh': '情感传递'}, 'Ink Application': {'score': 0.7623434066772461, 'zh': '墨法变化'}, 'Spatial Representation': {'score': 0.7452941536903381, 'zh': '空间营造'}}","{'Detailed Analysis': {'score': 0.9263386726379395, 'zh': '细节分析具体'}, 'Superficial Treatment': {'score': 0.911029577255249, 'zh': '论述流于表面'}, 'Logical Gaps': {'score': 0.886925220489502, 'zh': '逻辑存在跳跃'}, 'Subjective/Biased View': {'score': 0.8782511353492737, 'zh': '观点主观片面'}, 'Objective Viewpoint': {'score': 0.8775722980499268, 'zh': '观点客观公允'}, 'Profound Insight': {'score': 0.8673787713050842, 'zh': '见解深刻独到'}, 'Clear Logic': {'score': 0.8634526133537292, 'zh': '逻辑清晰严密'}, 'Overly General Content': {'score': 0.8609885573387146, 'zh': '内容较为宽泛'}, 'Strong Argumentation': {'score': 0.8561302423477173, 'zh': '论证充分有力'}, 'Lacks Examples': {'score': 0.8482970595359802, 'zh': '缺乏具体例证'}, 'Classical Citations': {'score': 0.8363050222396851, 'zh': '引用经典佐证'}}"
聂崇正_清代宫廷绘画\3.2.1_纪实绘画.txt,"紀實繪畫
紀實畫包括皇帝、皇后及文武大臣的肖像，皇帝日常生活的圖景和記錄重大歷史事件的圖等。這些作品比较真實地反映了歷史面貌，具有重要的史料價值。

paintings ofrecord,paintingsof empressemeriaconubinehigrankingfficialsand generalsfscenesof thmrrsdailylfandf signifcan event...",Socio-cultural Interpretation,社会文化解读型,0.3085117042064667,"{'Cross-cultural Influence': {'score': 0.5721344947814941, 'zh': '跨文化影响'}, 'Technique Inheritance & Innovation': {'score': 0.19642987847328186, 'zh': '技法传承与创新'}, 'Texture Strokes (Chunfa)': {'score': 0.1437787264585495, 'zh': '皴法特点'}, 'Historical Context': {'score': 0.12589779496192932, 'zh': '历史背景'}, 'Symbolism': {'score': 0.12037903815507889, 'zh': '象征意义'}, 'Subject Matter': {'score': 0.11078503727912903, 'zh': '主题内容'}, 'Genre': {'score': 0.105684295296669, 'zh': '题材选择'}, 'Use of Color': {'score': 0.10240316390991211, 'zh': '色彩运用'}, 'Emotional Expression': {'score': 0.10179604589939117, 'zh': '情感传递'}, 'Line Quality': {'score': 0.09161435067653656, 'zh': '线条质量'}, 'Layout and Structure': {'score': 0.08556617051362991, 'zh': '布局与结构'}, 'Style/School': {'score': 0.08326360583305359, 'zh': '风格流派'}, 'Artistic Conception': {'score': 0.07219193130731583, 'zh': '意境表达'}, 'Artist Biography': {'score': 0.04372387006878853, 'zh': '画家生平'}, 'Ink Application': {'score': 0.033448196947574615, 'zh': '墨法变化'}, 'Brushwork Technique': {'score': 0.024804595857858658, 'zh': '笔法技巧'}, 'Spatial Representation': {'score': 0.013544227927923203, 'zh': '空间营造'}}","{'Subjective/Biased View': {'score': 0.1972835659980774, 'zh': '观点主观片面'}, 'Lacks Examples': {'score': 0.13910618424415588, 'zh': '缺乏具体例证'}, 'Objective Viewpoint': {'score': 0.11812883615493774, 'zh': '观点客观公允'}, 'Classical Citations': {'score': 0.10250139981508255, 'zh': '引用经典佐证'}, 'Profound Insight': {'score': 0.07257089763879776, 'zh': '见解深刻独到'}, 'Logical Gaps': {'score': 0.0656675472855568, 'zh': '逻辑存在跳跃'}, 'Overly General Content': {'score': 0.05510474368929863, 'zh': '内容较为宽泛'}, 'Strong Argumentation': {'score': 0.049638163298368454, 'zh': '论证充分有力'}, 'Superficial Treatment': {'score': 0.04350586608052254, 'zh': '论述流于表面'}, 'Clear Logic': {'score': 0.035902950912714005, 'zh': '逻辑清晰严密'}, 'Detailed Analysis': {'score': 0.030105652287602425, 'zh': '细节分析具体'}}"
聂崇正_清代宫廷绘画\3.2.2_历史绘画.txt,"歷史繪畫
宋、明兩朝的宫廷繪畫相比较，這是十分薄弱的一環。作品有焦秉贞所畫的《歷朝聖后故事圖》册、冷枚所畫的《歷代帝王故事圖》册、金廷標所畫的《婕妤當熊圖》等，張幅都不大。以上作品中有些内容是表彰古代婦女的。金廷標的《婕妤當熊圖》的是西漢元帝的妃子馮婕好，在一次隨同皇帝觀看門獸表演時，一只熊突然獸裹出，直奔人而來。皇帝左右的侍皆恐後退，唯獨馮婕妤臨危不，挺身向前，阻熊的去路，保護了皇帝。乘熊的注意...",Aesthetic Appreciation,美学鉴赏型,0.43050670623779297,"{'Cross-cultural Influence': {'score': 0.993783175945282, 'zh': '跨文化影响'}, 'Historical Context': {'score': 0.9890755414962769, 'zh': '历史背景'}, 'Symbolism': {'score': 0.982181966304779, 'zh': '象征意义'}, 'Layout and Structure': {'score': 0.9480218291282654, 'zh': '布局与结构'}, 'Genre': {'score': 0.9208008646965027, 'zh': '题材选择'}, 'Artistic Conception': {'score': 0.9046568870544434, 'zh': '意境表达'}, 'Subject Matter': {'score': 0.8970259428024292, 'zh': '主题内容'}, 'Technique Inheritance & Innovation': {'score': 0.8792252540588379, 'zh': '技法传承与创新'}, 'Emotional Expression': {'score': 0.8678385019302368, 'zh': '情感传递'}, 'Line Quality': {'score': 0.8040944337844849, 'zh': '线条质量'}, 'Style/School': {'score': 0.7947056293487549, 'zh': '风格流派'}, 'Texture Strokes (Chunfa)': {'score': 0.7401912212371826, 'zh': '皴法特点'}, 'Use of Color': {'score': 0.7338617444038391, 'zh': '色彩运用'}, 'Artist Biography': {'score': 0.2011399269104004, 'zh': '画家生平'}, 'Brushwork Technique': {'score': 0.08583606779575348, 'zh': '笔法技巧'}, 'Spatial Representation': {'score': 0.00942864827811718, 'zh': '空间营造'}, 'Ink Application': {'score': 0.007469554897397757, 'zh': '墨法变化'}}","{'Subjective/Biased View': {'score': 0.9715622663497925, 'zh': '观点主观片面'}, 'Lacks Examples': {'score': 0.9663035273551941, 'zh': '缺乏具体例证'}, 'Classical Citations': {'score': 0.9326903820037842, 'zh': '引用经典佐证'}, 'Superficial Treatment': {'score': 0.8729061484336853, 'zh': '论述流于表面'}, 'Logical Gaps': {'score': 0.8723077774047852, 'zh': '逻辑存在跳跃'}, 'Overly General Content': {'score': 0.7788241505622864, 'zh': '内容较为宽泛'}, 'Profound Insight': {'score': 0.6807654500007629, 'zh': '见解深刻独到'}, 'Objective Viewpoint': {'score': 0.2144012749195099, 'zh': '观点客观公允'}, 'Strong Argumentation': {'score': 0.08222346752882004, 'zh': '论证充分有力'}, 'Detailed Analysis': {'score': 0.031321119517087936, 'zh': '细节分析具体'}, 'Clear Logic': {'score': 0.006466785911470652, 'zh': '逻辑清晰严密'}}"
聂崇正_清代宫廷绘画\3.2.3_装饰性绘画.txt,"装飾性繪畫
清代宫廷裡的装飾性繪數量很大，主要包括多的山水和花鳥。這部份作品中有

Paintingsfordecorationmean thelarge amount of those of landscape,birds,animalsand flowers.

張幅極大的，黏貼於宫殿内的壁上，亚随時可以貼上取下，故俗“貼落”。其形式和作用接近於壁，但又比壁畫靈活；還有一部份作品畫幅極小巧，大...",Socio-cultural Interpretation,社会文化解读型,0.14941911399364471,"{'Cross-cultural Influence': {'score': 0.937700629234314, 'zh': '跨文化影响'}, 'Genre': {'score': 0.8136086463928223, 'zh': '题材选择'}, 'Style/School': {'score': 0.7488351464271545, 'zh': '风格流派'}, 'Layout and Structure': {'score': 0.604608416557312, 'zh': '布局与结构'}, 'Historical Context': {'score': 0.5615707635879517, 'zh': '历史背景'}, 'Symbolism': {'score': 0.5278967022895813, 'zh': '象征意义'}, 'Artistic Conception': {'score': 0.5247688889503479, 'zh': '意境表达'}, 'Artist Biography': {'score': 0.5008986592292786, 'zh': '画家生平'}, 'Subject Matter': {'score': 0.46598607301712036, 'zh': '主题内容'}, 'Emotional Expression': {'score': 0.4067346155643463, 'zh': '情感传递'}, 'Texture Strokes (Chunfa)': {'score': 0.3825887143611908, 'zh': '皴法特点'}, 'Use of Color': {'score': 0.38199710845947266, 'zh': '色彩运用'}, 'Line Quality': {'score': 0.28519579768180847, 'zh': '线条质量'}, 'Spatial Representation': {'score': 0.2828177213668823, 'zh': '空间营造'}, 'Technique Inheritance & Innovation': {'score': 0.2728409469127655, 'zh': '技法传承与创新'}, 'Ink Application': {'score': 0.22823426127433777, 'zh': '墨法变化'}, 'Brushwork Technique': {'score': 0.1335524469614029, 'zh': '笔法技巧'}}","{'Subjective/Biased View': {'score': 0.6090649962425232, 'zh': '观点主观片面'}, 'Classical Citations': {'score': 0.3832774758338928, 'zh': '引用经典佐证'}, 'Superficial Treatment': {'score': 0.3184647858142853, 'zh': '论述流于表面'}, 'Lacks Examples': {'score': 0.23146089911460876, 'zh': '缺乏具体例证'}, 'Strong Argumentation': {'score': 0.2133074402809143, 'zh': '论证充分有力'}, 'Logical Gaps': {'score': 0.21155907213687897, 'zh': '逻辑存在跳跃'}, 'Profound Insight': {'score': 0.1886250525712967, 'zh': '见解深刻独到'}, 'Objective Viewpoint': {'score': 0.18208913505077362, 'zh': '观点客观公允'}, 'Detailed Analysis': {'score': 0.17548921704292297, 'zh': '细节分析具体'}, 'Clear Logic': {'score': 0.1691277176141739, 'zh': '逻辑清晰严密'}, 'Overly General Content': {'score': 0.12197473645210266, 'zh': '内容较为宽泛'}}"
聂崇正_清代宫廷绘画\3.2.4_宗教绘画.txt,"宗教繪畫
满族入關以前就和蒙古族往來密切，蒙古贵族在清朝統治隋層中占有一定的地位。爲了維繁滿族和蒙古族的關係，清朝皇帝充分利用了宗教這一重要的思想工具。以蒙古族信奉的藏傅佛教（俗喇嘛教）為國教，而不協調了民族關係，亚且加强了民族間思想领域的統治。满族統治者廣爲推崇藏傅佛教，修建了很多寺，在宫中也設有多處佛堂，除此，還組織畫家創作了許多宗教繪畫。比如《普寧寺佛装像》、《扎什倫佛装像》等，都是带有濃厚...",Socio-cultural Interpretation,社会文化解读型,0.5690085887908936,"{'Cross-cultural Influence': {'score': 0.9620481729507446, 'zh': '跨文化影响'}, 'Use of Color': {'score': 0.8246462941169739, 'zh': '色彩运用'}, 'Symbolism': {'score': 0.8168901801109314, 'zh': '象征意义'}, 'Emotional Expression': {'score': 0.6887345314025879, 'zh': '情感传递'}, 'Layout and Structure': {'score': 0.6368312835693359, 'zh': '布局与结构'}, 'Genre': {'score': 0.4486579895019531, 'zh': '题材选择'}, 'Subject Matter': {'score': 0.362405925989151, 'zh': '主题内容'}, 'Texture Strokes (Chunfa)': {'score': 0.28738102316856384, 'zh': '皴法特点'}, 'Artistic Conception': {'score': 0.22605949640274048, 'zh': '意境表达'}, 'Line Quality': {'score': 0.20416958630084991, 'zh': '线条质量'}, 'Historical Context': {'score': 0.17962007224559784, 'zh': '历史背景'}, 'Technique Inheritance & Innovation': {'score': 0.123090460896492, 'zh': '技法传承与创新'}, 'Artist Biography': {'score': 0.12243928760290146, 'zh': '画家生平'}, 'Style/School': {'score': 0.1168273463845253, 'zh': '风格流派'}, 'Brushwork Technique': {'score': 0.1059267520904541, 'zh': '笔法技巧'}, 'Ink Application': {'score': 0.06835620105266571, 'zh': '墨法变化'}, 'Spatial Representation': {'score': 0.002233083825558424, 'zh': '空间营造'}}","{'Subjective/Biased View': {'score': 0.29690834879875183, 'zh': '观点主观片面'}, 'Profound Insight': {'score': 0.21622413396835327, 'zh': '见解深刻独到'}, 'Strong Argumentation': {'score': 0.16478629410266876, 'zh': '论证充分有力'}, 'Superficial Treatment': {'score': 0.14621412754058838, 'zh': '论述流于表面'}, 'Logical Gaps': {'score': 0.1334131807088852, 'zh': '逻辑存在跳跃'}, 'Lacks Examples': {'score': 0.13308270275592804, 'zh': '缺乏具体例证'}, 'Classical Citations': {'score': 0.10505974292755127, 'zh': '引用经典佐证'}, 'Overly General Content': {'score': 0.0665849894285202, 'zh': '内容较为宽泛'}, 'Detailed Analysis': {'score': 0.06083797663450241, 'zh': '细节分析具体'}, 'Objective Viewpoint': {'score': 0.04265712946653366, 'zh': '观点客观公允'}, 'Clear Logic': {'score': 0.014540238305926323, 'zh': '逻辑清晰严密'}}"
聂崇正_清代宫廷绘画\3.2.5_油画和版画.txt,"油和版
超出以上所述繪畫作品的圍。但因為油畫和版畫是畫史上新出現的畫種，故單獨列出加以介绍。

The court paintings ofQing Dynasty alsoinclude thenewvariety of oil painting and copper-plate painting doneby both European and Chinese artists.

油畫產生於歐...",Objective Description,客观中性描述,0.17693710327148438,"{'Layout and Structure': {'score': 0.8490155935287476, 'zh': '布局与结构'}, 'Cross-cultural Influence': {'score': 0.8016082644462585, 'zh': '跨文化影响'}, 'Symbolism': {'score': 0.7947034239768982, 'zh': '象征意义'}, 'Genre': {'score': 0.6569518446922302, 'zh': '题材选择'}, 'Emotional Expression': {'score': 0.6259800791740417, 'zh': '情感传递'}, 'Use of Color': {'score': 0.567425549030304, 'zh': '色彩运用'}, 'Historical Context': {'score': 0.5461928248405457, 'zh': '历史背景'}, 'Technique Inheritance & Innovation': {'score': 0.4926561713218689, 'zh': '技法传承与创新'}, 'Line Quality': {'score': 0.48366907238960266, 'zh': '线条质量'}, 'Texture Strokes (Chunfa)': {'score': 0.45919305086135864, 'zh': '皴法特点'}, 'Artistic Conception': {'score': 0.41743582487106323, 'zh': '意境表达'}, 'Style/School': {'score': 0.40017902851104736, 'zh': '风格流派'}, 'Subject Matter': {'score': 0.3856574594974518, 'zh': '主题内容'}, 'Brushwork Technique': {'score': 0.37626370787620544, 'zh': '笔法技巧'}, 'Artist Biography': {'score': 0.1846098154783249, 'zh': '画家生平'}, 'Spatial Representation': {'score': 0.02641817182302475, 'zh': '空间营造'}, 'Ink Application': {'score': 0.020477794110774994, 'zh': '墨法变化'}}","{'Subjective/Biased View': {'score': 0.43056803941726685, 'zh': '观点主观片面'}, 'Profound Insight': {'score': 0.29636242985725403, 'zh': '见解深刻独到'}, 'Superficial Treatment': {'score': 0.18086335062980652, 'zh': '论述流于表面'}, 'Clear Logic': {'score': 0.14379684627056122, 'zh': '逻辑清晰严密'}, 'Objective Viewpoint': {'score': 0.13238154351711273, 'zh': '观点客观公允'}, 'Strong Argumentation': {'score': 0.12272194772958755, 'zh': '论证充分有力'}, 'Overly General Content': {'score': 0.1187533587217331, 'zh': '内容较为宽泛'}, 'Detailed Analysis': {'score': 0.09972293674945831, 'zh': '细节分析具体'}, 'Lacks Examples': {'score': 0.09967292100191116, 'zh': '缺乏具体例证'}, 'Logical Gaps': {'score': 0.09640101343393326, 'zh': '逻辑存在跳跃'}, 'Classical Citations': {'score': 0.03856086730957031, 'zh': '引用经典佐证'}}"
聂崇正_清代宫廷绘画\4.1_“臣”字款的画.txt,"關於“臣”字款的畫
清代的宫廷畫在署款上有一個明顯的特點，這就是上作者名款前必定冠以“臣”字。

名款前書寫“臣”字亚非始自清代，在宋代的院上已有這種現象。例如南宋院待韶馬遠、馬麟父子的一部份作品上就署以“臣”字，但宋代院业非一律，有許多上不署“臣”字，可见署款格式业無格的规定；明代宫廷畫上则無此例。

清代的“臣”字款繪，大致有以下四種：

宗室畫。 皇族成員爲宗室，其中不乏善者。如允禧（171...",Socio-cultural Interpretation,社会文化解读型,0.12549073994159698,"{'Cross-cultural Influence': {'score': 0.5989177227020264, 'zh': '跨文化影响'}, 'Subject Matter': {'score': 0.5722336769104004, 'zh': '主题内容'}, 'Symbolism': {'score': 0.5659379363059998, 'zh': '象征意义'}, 'Layout and Structure': {'score': 0.5590826869010925, 'zh': '布局与结构'}, 'Genre': {'score': 0.5405337810516357, 'zh': '题材选择'}, 'Use of Color': {'score': 0.4756620228290558, 'zh': '色彩运用'}, 'Ink Application': {'score': 0.4720517694950104, 'zh': '墨法变化'}, 'Style/School': {'score': 0.4628565013408661, 'zh': '风格流派'}, 'Line Quality': {'score': 0.455862820148468, 'zh': '线条质量'}, 'Historical Context': {'score': 0.4512472152709961, 'zh': '历史背景'}, 'Emotional Expression': {'score': 0.43215280771255493, 'zh': '情感传递'}, 'Artist Biography': {'score': 0.4113476276397705, 'zh': '画家生平'}, 'Artistic Conception': {'score': 0.40920668840408325, 'zh': '意境表达'}, 'Spatial Representation': {'score': 0.3732772469520569, 'zh': '空间营造'}, 'Texture Strokes (Chunfa)': {'score': 0.3574650287628174, 'zh': '皴法特点'}, 'Technique Inheritance & Innovation': {'score': 0.3546736240386963, 'zh': '技法传承与创新'}, 'Brushwork Technique': {'score': 0.315117746591568, 'zh': '笔法技巧'}}","{'Logical Gaps': {'score': 0.45712488889694214, 'zh': '逻辑存在跳跃'}, 'Subjective/Biased View': {'score': 0.45456066727638245, 'zh': '观点主观片面'}, 'Classical Citations': {'score': 0.3874792158603668, 'zh': '引用经典佐证'}, 'Strong Argumentation': {'score': 0.3595965802669525, 'zh': '论证充分有力'}, 'Overly General Content': {'score': 0.35861504077911377, 'zh': '内容较为宽泛'}, 'Superficial Treatment': {'score': 0.3562990427017212, 'zh': '论述流于表面'}, 'Lacks Examples': {'score': 0.3265279531478882, 'zh': '缺乏具体例证'}, 'Clear Logic': {'score': 0.3225012719631195, 'zh': '逻辑清晰严密'}, 'Profound Insight': {'score': 0.27362313866615295, 'zh': '见解深刻独到'}, 'Detailed Analysis': {'score': 0.2635265588760376, 'zh': '细节分析具体'}, 'Objective Viewpoint': {'score': 0.21674518287181854, 'zh': '观点客观公允'}}"
聂崇正_清代宫廷绘画\4.2_纪实绘画的重要价值.txt,"紀實繪的重要價值。
清代宫廷繪中，紀實繪作品估有相當大的比例，和宋、明時的宫廷繪畫相比较，這部份作品是極爲突出的。這也是清代宫廷的一個顯著的特色。在没有新聞攝影和紀錄電影的時代，要把當時的重大事件和重要人物記錄下來，除了文字記载之外，最好的瓣法莫過於運用繪的手段。康熙、雍正、乾隆三代發生的一些重要的歷史事件，通過紀錄了下來，對我們今天瞭解那些事件發生的過程和情景，極有價值。其中尤以乾隆時清政府和西...",Socio-cultural Interpretation,社会文化解读型,0.4561038315296173,"{'Cross-cultural Influence': {'score': 0.9807795286178589, 'zh': '跨文化影响'}, 'Historical Context': {'score': 0.9239646792411804, 'zh': '历史背景'}, 'Layout and Structure': {'score': 0.8292838335037231, 'zh': '布局与结构'}, 'Subject Matter': {'score': 0.658463716506958, 'zh': '主题内容'}, 'Symbolism': {'score': 0.6314669251441956, 'zh': '象征意义'}, 'Artistic Conception': {'score': 0.5956671833992004, 'zh': '意境表达'}, 'Line Quality': {'score': 0.5772518515586853, 'zh': '线条质量'}, 'Emotional Expression': {'score': 0.5363220572471619, 'zh': '情感传递'}, 'Use of Color': {'score': 0.5076435804367065, 'zh': '色彩运用'}, 'Genre': {'score': 0.46553653478622437, 'zh': '题材选择'}, 'Texture Strokes (Chunfa)': {'score': 0.4626316428184509, 'zh': '皴法特点'}, 'Technique Inheritance & Innovation': {'score': 0.41463443636894226, 'zh': '技法传承与创新'}, 'Ink Application': {'score': 0.3246479630470276, 'zh': '墨法变化'}, 'Style/School': {'score': 0.3094627857208252, 'zh': '风格流派'}, 'Brushwork Technique': {'score': 0.29769787192344666, 'zh': '笔法技巧'}, 'Artist Biography': {'score': 0.11413069069385529, 'zh': '画家生平'}, 'Spatial Representation': {'score': 0.06016228720545769, 'zh': '空间营造'}}","{'Subjective/Biased View': {'score': 0.7080605626106262, 'zh': '观点主观片面'}, 'Logical Gaps': {'score': 0.48409536480903625, 'zh': '逻辑存在跳跃'}, 'Classical Citations': {'score': 0.4523153603076935, 'zh': '引用经典佐证'}, 'Profound Insight': {'score': 0.43326449394226074, 'zh': '见解深刻独到'}, 'Superficial Treatment': {'score': 0.4152821898460388, 'zh': '论述流于表面'}, 'Strong Argumentation': {'score': 0.36044710874557495, 'zh': '论证充分有力'}, 'Objective Viewpoint': {'score': 0.34893178939819336, 'zh': '观点客观公允'}, 'Lacks Examples': {'score': 0.26840922236442566, 'zh': '缺乏具体例证'}, 'Detailed Analysis': {'score': 0.2049805074930191, 'zh': '细节分析具体'}, 'Clear Logic': {'score': 0.16252563893795013, 'zh': '逻辑清晰严密'}, 'Overly General Content': {'score': 0.0859437882900238, 'zh': '内容较为宽泛'}}"
聂崇正_清代宫廷绘画\4.3_描绘塞外风光的新题材.txt,"出現了描繪塞風光的新題材
满洲贵族入關以后，十分重視北方境的防務。這是因爲满族是东北地區發展起來的，關外是他們的祖先開創基業的發祥之地，因而受到加倍重視；此外满洲贵族爲了更有效地統治漢族居住的廣大地區，和西北的其他少數民族上層，往來繁；互通婚姻，關係非常密切；再加上遠在歐洲的俄羅斯帝國，自十七世紀以來，勢力不向東廣展，逐和清朝

睡發生了接觸。這些原因都使得清朝政府對於北方境的事務，十分敏感。清朝...",Historical Research,历史考证型,0.20220261812210083,"{'Historical Context': {'score': 0.977224588394165, 'zh': '历史背景'}, 'Cross-cultural Influence': {'score': 0.9380982518196106, 'zh': '跨文化影响'}, 'Texture Strokes (Chunfa)': {'score': 0.9270025491714478, 'zh': '皴法特点'}, 'Genre': {'score': 0.8824890851974487, 'zh': '题材选择'}, 'Layout and Structure': {'score': 0.8794580101966858, 'zh': '布局与结构'}, 'Subject Matter': {'score': 0.8659518957138062, 'zh': '主题内容'}, 'Symbolism': {'score': 0.8464787602424622, 'zh': '象征意义'}, 'Emotional Expression': {'score': 0.8058484196662903, 'zh': '情感传递'}, 'Spatial Representation': {'score': 0.7021734714508057, 'zh': '空间营造'}, 'Artistic Conception': {'score': 0.6495899558067322, 'zh': '意境表达'}, 'Use of Color': {'score': 0.5787901878356934, 'zh': '色彩运用'}, 'Artist Biography': {'score': 0.5039278268814087, 'zh': '画家生平'}, 'Line Quality': {'score': 0.45906922221183777, 'zh': '线条质量'}, 'Style/School': {'score': 0.4323315918445587, 'zh': '风格流派'}, 'Technique Inheritance & Innovation': {'score': 0.4087444245815277, 'zh': '技法传承与创新'}, 'Brushwork Technique': {'score': 0.29549115896224976, 'zh': '笔法技巧'}, 'Ink Application': {'score': 0.16477900743484497, 'zh': '墨法变化'}}","{'Subjective/Biased View': {'score': 0.8196824789047241, 'zh': '观点主观片面'}, 'Classical Citations': {'score': 0.6334478259086609, 'zh': '引用经典佐证'}, 'Profound Insight': {'score': 0.5351335406303406, 'zh': '见解深刻独到'}, 'Superficial Treatment': {'score': 0.5301665663719177, 'zh': '论述流于表面'}, 'Objective Viewpoint': {'score': 0.4999920725822449, 'zh': '观点客观公允'}, 'Lacks Examples': {'score': 0.40375226736068726, 'zh': '缺乏具体例证'}, 'Strong Argumentation': {'score': 0.34646084904670715, 'zh': '论证充分有力'}, 'Detailed Analysis': {'score': 0.29461297392845154, 'zh': '细节分析具体'}, 'Logical Gaps': {'score': 0.2868857979774475, 'zh': '逻辑存在跳跃'}, 'Clear Logic': {'score': 0.22211216390132904, 'zh': '逻辑清晰严密'}, 'Overly General Content': {'score': 0.21863144636154175, 'zh': '内容较为宽泛'}}"
聂崇正_清代宫廷绘画\4.4_中西合璧的新画风.txt,"中西合璧的新畫風
清朝的宫廷家中有若干名外國人供職，這是我國皇室宫廷設立院或類似機構有史以來未出現過的事。由於這些外國家的創作活動，影響所及，使清朝的宫廷繪形成了一種中西兿合璧的新風。這部份作品带有前所未有的、鮮明的時代特微。

As a result of the fact that many European artists serving at the Qing court had intr...",Socio-cultural Interpretation,社会文化解读型,0.23744989931583405,"{'Cross-cultural Influence': {'score': 0.9988837838172913, 'zh': '跨文化影响'}, 'Layout and Structure': {'score': 0.9888100028038025, 'zh': '布局与结构'}, 'Symbolism': {'score': 0.9473299384117126, 'zh': '象征意义'}, 'Technique Inheritance & Innovation': {'score': 0.9462854862213135, 'zh': '技法传承与创新'}, 'Genre': {'score': 0.894109845161438, 'zh': '题材选择'}, 'Style/School': {'score': 0.85073322057724, 'zh': '风格流派'}, 'Use of Color': {'score': 0.8497836589813232, 'zh': '色彩运用'}, 'Subject Matter': {'score': 0.8280838131904602, 'zh': '主题内容'}, 'Artistic Conception': {'score': 0.7893706560134888, 'zh': '意境表达'}, 'Historical Context': {'score': 0.7471758127212524, 'zh': '历史背景'}, 'Emotional Expression': {'score': 0.736869215965271, 'zh': '情感传递'}, 'Texture Strokes (Chunfa)': {'score': 0.6636110544204712, 'zh': '皴法特点'}, 'Line Quality': {'score': 0.5893055200576782, 'zh': '线条质量'}, 'Artist Biography': {'score': 0.5019063949584961, 'zh': '画家生平'}, 'Ink Application': {'score': 0.4627278447151184, 'zh': '墨法变化'}, 'Brushwork Technique': {'score': 0.35686028003692627, 'zh': '笔法技巧'}, 'Spatial Representation': {'score': 0.30666226148605347, 'zh': '空间营造'}}","{'Subjective/Biased View': {'score': 0.9830668568611145, 'zh': '观点主观片面'}, 'Objective Viewpoint': {'score': 0.8116570711135864, 'zh': '观点客观公允'}, 'Superficial Treatment': {'score': 0.6929444670677185, 'zh': '论述流于表面'}, 'Profound Insight': {'score': 0.6508877277374268, 'zh': '见解深刻独到'}, 'Strong Argumentation': {'score': 0.6447067856788635, 'zh': '论证充分有力'}, 'Lacks Examples': {'score': 0.6251484751701355, 'zh': '缺乏具体例证'}, 'Logical Gaps': {'score': 0.5664237141609192, 'zh': '逻辑存在跳跃'}, 'Classical Citations': {'score': 0.5075006484985352, 'zh': '引用经典佐证'}, 'Detailed Analysis': {'score': 0.4090559780597687, 'zh': '细节分析具体'}, 'Clear Logic': {'score': 0.372366726398468, 'zh': '逻辑清晰严密'}, 'Overly General Content': {'score': 0.27080535888671875, 'zh': '内容较为宽泛'}}"
聂崇正_清代宫廷绘画\4.5_对清代宫廷绘画的整体评价与研究展望.txt,"清代宫廷的價
過去，人們對清代宫廷畫的價不甚高，它們在一些畫史著述里也没有什地位。

The court paintingsof QingDynasty have notbeenwidelyrecommended and theydonot occupy an important position in the works onhistory of painting.It is a general...",Socio-cultural Interpretation,社会文化解读型,0.15656819939613342,"{'Cross-cultural Influence': {'score': 0.7527779936790466, 'zh': '跨文化影响'}, 'Subject Matter': {'score': 0.6847365498542786, 'zh': '主题内容'}, 'Genre': {'score': 0.5971811413764954, 'zh': '题材选择'}, 'Historical Context': {'score': 0.5797516107559204, 'zh': '历史背景'}, 'Symbolism': {'score': 0.49628016352653503, 'zh': '象征意义'}, 'Layout and Structure': {'score': 0.48986682295799255, 'zh': '布局与结构'}, 'Technique Inheritance & Innovation': {'score': 0.4757174253463745, 'zh': '技法传承与创新'}, 'Line Quality': {'score': 0.468034952878952, 'zh': '线条质量'}, 'Use of Color': {'score': 0.4587891399860382, 'zh': '色彩运用'}, 'Style/School': {'score': 0.45815470814704895, 'zh': '风格流派'}, 'Ink Application': {'score': 0.4558938443660736, 'zh': '墨法变化'}, 'Texture Strokes (Chunfa)': {'score': 0.4467150866985321, 'zh': '皴法特点'}, 'Artistic Conception': {'score': 0.44128188490867615, 'zh': '意境表达'}, 'Artist Biography': {'score': 0.4108293652534485, 'zh': '画家生平'}, 'Emotional Expression': {'score': 0.38324853777885437, 'zh': '情感传递'}, 'Brushwork Technique': {'score': 0.3279084861278534, 'zh': '笔法技巧'}, 'Spatial Representation': {'score': 0.2639405131340027, 'zh': '空间营造'}}","{'Subjective/Biased View': {'score': 0.7548881769180298, 'zh': '观点主观片面'}, 'Logical Gaps': {'score': 0.6228014230728149, 'zh': '逻辑存在跳跃'}, 'Lacks Examples': {'score': 0.5281757712364197, 'zh': '缺乏具体例证'}, 'Classical Citations': {'score': 0.45432624220848083, 'zh': '引用经典佐证'}, 'Superficial Treatment': {'score': 0.4540523886680603, 'zh': '论述流于表面'}, 'Overly General Content': {'score': 0.4235837161540985, 'zh': '内容较为宽泛'}, 'Strong Argumentation': {'score': 0.4073945879936218, 'zh': '论证充分有力'}, 'Objective Viewpoint': {'score': 0.368118017911911, 'zh': '观点客观公允'}, 'Clear Logic': {'score': 0.3190179467201233, 'zh': '逻辑清晰严密'}, 'Profound Insight': {'score': 0.25532805919647217, 'zh': '见解深刻独到'}, 'Detailed Analysis': {'score': 0.10180113464593887, 'zh': '细节分析具体'}}"
