file_id,paragraph_index,feedback_source_persona,text_preview,stance_label_en,stance_label_zh,stance_score,features,quality
正月(Basic).txt,0,Basic,"This series of image segments, understood to be from the ""Yongzheng Emperor's Twelve Months of Festivities"" (雍正十二月行乐图), specifically depicting the first month (正月), offers a splendid window into the o...",Socio-cultural Interpretation,社会文化解读型,0.22841127216815948,"{'Brushwork Technique': {'score': 0.9928121566772461, 'zh': '笔法技巧'}, 'Layout and Structure': {'score': 0.9916428923606873, 'zh': '布局与结构'}, 'Line Quality': {'score': 0.9178481101989746, 'zh': '线条质量'}, 'Cross-cultural Influence': {'score': 0.8080998063087463, 'zh': '跨文化影响'}, 'Artistic Conception': {'score': 0.6693025827407837, 'zh': '意境表达'}, 'Symbolism': {'score': 0.6675028800964355, 'zh': '象征意义'}, 'Style/School': {'score': 0.6627398133277893, 'zh': '风格流派'}, 'Use of Color': {'score': 0.6403818726539612, 'zh': '色彩运用'}, 'Technique Inheritance & Innovation': {'score': 0.6180877685546875, 'zh': '技法传承与创新'}, 'Genre': {'score': 0.5956024527549744, 'zh': '题材选择'}, 'Emotional Expression': {'score': 0.5884985327720642, 'zh': '情感传递'}, 'Texture Strokes (Chunfa)': {'score': 0.5420037508010864, 'zh': '皴法特点'}, 'Subject Matter': {'score': 0.31953883171081543, 'zh': '主题内容'}, 'Artist Biography': {'score': 0.2295209765434265, 'zh': '画家生平'}, 'Spatial Representation': {'score': 0.2126605361700058, 'zh': '空间营造'}, 'Historical Context': {'score': 0.15912549197673798, 'zh': '历史背景'}, 'Ink Application': {'score': 0.01696757599711418, 'zh': '墨法变化'}}","{'Subjective/Biased View': {'score': 0.6201955676078796, 'zh': '观点主观片面'}, 'Lacks Examples': {'score': 0.5903493165969849, 'zh': '缺乏具体例证'}, 'Profound Insight': {'score': 0.3818773627281189, 'zh': '见解深刻独到'}, 'Objective Viewpoint': {'score': 0.3180714547634125, 'zh': '观点客观公允'}, 'Logical Gaps': {'score': 0.21746475994586945, 'zh': '逻辑存在跳跃'}, 'Overly General Content': {'score': 0.17978811264038086, 'zh': '内容较为宽泛'}, 'Strong Argumentation': {'score': 0.17359231412410736, 'zh': '论证充分有力'}, 'Classical Citations': {'score': 0.1317984163761139, 'zh': '引用经典佐证'}, 'Superficial Treatment': {'score': 0.10866766422986984, 'zh': '论述流于表面'}, 'Detailed Analysis': {'score': 0.10174891352653503, 'zh': '细节分析具体'}, 'Clear Logic': {'score': 0.08661264926195145, 'zh': '逻辑清晰严密'}}"
正月(with_Brother_Thomas).txt,0,Brother_Thomas,"Peace be with you. It is with a contemplative spirit that I approach these images, fragments of a larger portrayal of worldly affairs from a distant land and time, specifically, the ""清\_清院\_十二月令图\_一月\...",Socio-cultural Interpretation,社会文化解读型,0.2657071352005005,"{'Layout and Structure': {'score': 0.9060710072517395, 'zh': '布局与结构'}, 'Use of Color': {'score': 0.8825539350509644, 'zh': '色彩运用'}, 'Brushwork Technique': {'score': 0.7840468883514404, 'zh': '笔法技巧'}, 'Spatial Representation': {'score': 0.74344402551651, 'zh': '空间营造'}, 'Cross-cultural Influence': {'score': 0.7353577017784119, 'zh': '跨文化影响'}, 'Symbolism': {'score': 0.6618969440460205, 'zh': '象征意义'}, 'Emotional Expression': {'score': 0.4836084842681885, 'zh': '情感传递'}, 'Technique Inheritance & Innovation': {'score': 0.45331233739852905, 'zh': '技法传承与创新'}, 'Genre': {'score': 0.43348637223243713, 'zh': '题材选择'}, 'Line Quality': {'score': 0.30646997690200806, 'zh': '线条质量'}, 'Style/School': {'score': 0.20033030211925507, 'zh': '风格流派'}, 'Artistic Conception': {'score': 0.20030702650547028, 'zh': '意境表达'}, 'Subject Matter': {'score': 0.18054747581481934, 'zh': '主题内容'}, 'Texture Strokes (Chunfa)': {'score': 0.16038641333580017, 'zh': '皴法特点'}, 'Artist Biography': {'score': 0.14567600190639496, 'zh': '画家生平'}, 'Historical Context': {'score': 0.036906588822603226, 'zh': '历史背景'}, 'Ink Application': {'score': 0.010625415481626987, 'zh': '墨法变化'}}","{'Lacks Examples': {'score': 0.26496773958206177, 'zh': '缺乏具体例证'}, 'Subjective/Biased View': {'score': 0.16212497651576996, 'zh': '观点主观片面'}, 'Logical Gaps': {'score': 0.13720938563346863, 'zh': '逻辑存在跳跃'}, 'Profound Insight': {'score': 0.13587254285812378, 'zh': '见解深刻独到'}, 'Superficial Treatment': {'score': 0.11824610084295273, 'zh': '论述流于表面'}, 'Strong Argumentation': {'score': 0.0685681477189064, 'zh': '论证充分有力'}, 'Overly General Content': {'score': 0.05013485252857208, 'zh': '内容较为宽泛'}, 'Detailed Analysis': {'score': 0.04811364412307739, 'zh': '细节分析具体'}, 'Classical Citations': {'score': 0.04542132839560509, 'zh': '引用经典佐证'}, 'Objective Viewpoint': {'score': 0.014839661307632923, 'zh': '观点客观公允'}, 'Clear Logic': {'score': 0.008289025165140629, 'zh': '逻辑清晰严密'}}"
正月(with_Dr_Aris_Thorne).txt,0,Dr_Aris_Thorne,"The **composition and layout**, even in these partial views, speak to a meticulously planned and expansive narrative. There is a clear attempt to manage a multitude of figures and architectural elemen...",Socio-cultural Interpretation,社会文化解读型,0.14926083385944366,"{'Brushwork Technique': {'score': 0.9900897145271301, 'zh': '笔法技巧'}, 'Layout and Structure': {'score': 0.9829297661781311, 'zh': '布局与结构'}, 'Use of Color': {'score': 0.9626469016075134, 'zh': '色彩运用'}, 'Ink Application': {'score': 0.9442254900932312, 'zh': '墨法变化'}, 'Line Quality': {'score': 0.8569166660308838, 'zh': '线条质量'}, 'Spatial Representation': {'score': 0.7738268375396729, 'zh': '空间营造'}, 'Symbolism': {'score': 0.7714192271232605, 'zh': '象征意义'}, 'Genre': {'score': 0.7295303344726562, 'zh': '题材选择'}, 'Cross-cultural Influence': {'score': 0.7127526998519897, 'zh': '跨文化影响'}, 'Subject Matter': {'score': 0.6463232636451721, 'zh': '主题内容'}, 'Emotional Expression': {'score': 0.6369033455848694, 'zh': '情感传递'}, 'Style/School': {'score': 0.6216407418251038, 'zh': '风格流派'}, 'Artistic Conception': {'score': 0.5972076654434204, 'zh': '意境表达'}, 'Historical Context': {'score': 0.5950635075569153, 'zh': '历史背景'}, 'Artist Biography': {'score': 0.575424313545227, 'zh': '画家生平'}, 'Technique Inheritance & Innovation': {'score': 0.5366944670677185, 'zh': '技法传承与创新'}, 'Texture Strokes (Chunfa)': {'score': 0.5077121257781982, 'zh': '皴法特点'}}","{'Strong Argumentation': {'score': 0.6077199578285217, 'zh': '论证充分有力'}, 'Logical Gaps': {'score': 0.5891857743263245, 'zh': '逻辑存在跳跃'}, 'Lacks Examples': {'score': 0.588272213935852, 'zh': '缺乏具体例证'}, 'Clear Logic': {'score': 0.5741074681282043, 'zh': '逻辑清晰严密'}, 'Superficial Treatment': {'score': 0.5534654259681702, 'zh': '论述流于表面'}, 'Detailed Analysis': {'score': 0.5494515299797058, 'zh': '细节分析具体'}, 'Profound Insight': {'score': 0.5334479212760925, 'zh': '见解深刻独到'}, 'Subjective/Biased View': {'score': 0.5190091133117676, 'zh': '观点主观片面'}, 'Classical Citations': {'score': 0.5084363222122192, 'zh': '引用经典佐证'}, 'Objective Viewpoint': {'score': 0.49127647280693054, 'zh': '观点客观公允'}, 'Overly General Content': {'score': 0.3701937794685364, 'zh': '内容较为宽泛'}}"
正月(with_Guo_Xi).txt,0,Guo_Xi,"In its **composition and layout**, one observes a multitude of dwellings, courtyards, and figures, arranged to convey a bustling scene of human activity. The makers of this painting have employed a me...",Socio-cultural Interpretation,社会文化解读型,0.15791083872318268,"{'Layout and Structure': {'score': 0.9874557852745056, 'zh': '布局与结构'}, 'Ink Application': {'score': 0.9399716258049011, 'zh': '墨法变化'}, 'Brushwork Technique': {'score': 0.9367616176605225, 'zh': '笔法技巧'}, 'Genre': {'score': 0.7606825232505798, 'zh': '题材选择'}, 'Line Quality': {'score': 0.7606596946716309, 'zh': '线条质量'}, 'Emotional Expression': {'score': 0.7334930300712585, 'zh': '情感传递'}, 'Symbolism': {'score': 0.7010506987571716, 'zh': '象征意义'}, 'Use of Color': {'score': 0.6854161620140076, 'zh': '色彩运用'}, 'Subject Matter': {'score': 0.6731253862380981, 'zh': '主题内容'}, 'Cross-cultural Influence': {'score': 0.6640100479125977, 'zh': '跨文化影响'}, 'Artistic Conception': {'score': 0.5982891917228699, 'zh': '意境表达'}, 'Texture Strokes (Chunfa)': {'score': 0.5971986055374146, 'zh': '皴法特点'}, 'Technique Inheritance & Innovation': {'score': 0.5958746671676636, 'zh': '技法传承与创新'}, 'Style/School': {'score': 0.5300760269165039, 'zh': '风格流派'}, 'Artist Biography': {'score': 0.43749383091926575, 'zh': '画家生平'}, 'Spatial Representation': {'score': 0.37336817383766174, 'zh': '空间营造'}, 'Historical Context': {'score': 0.309278279542923, 'zh': '历史背景'}}","{'Subjective/Biased View': {'score': 0.554059624671936, 'zh': '观点主观片面'}, 'Lacks Examples': {'score': 0.520304262638092, 'zh': '缺乏具体例证'}, 'Overly General Content': {'score': 0.5174551606178284, 'zh': '内容较为宽泛'}, 'Strong Argumentation': {'score': 0.4897381067276001, 'zh': '论证充分有力'}, 'Profound Insight': {'score': 0.48290249705314636, 'zh': '见解深刻独到'}, 'Logical Gaps': {'score': 0.4682551324367523, 'zh': '逻辑存在跳跃'}, 'Classical Citations': {'score': 0.41894686222076416, 'zh': '引用经典佐证'}, 'Objective Viewpoint': {'score': 0.41563618183135986, 'zh': '观点客观公允'}, 'Clear Logic': {'score': 0.40427443385124207, 'zh': '逻辑清晰严密'}, 'Detailed Analysis': {'score': 0.3697676360607147, 'zh': '细节分析具体'}, 'Superficial Treatment': {'score': 0.35952356457710266, 'zh': '论述流于表面'}}"
正月(with_John_Ruskin).txt,0,John_Ruskin,"Hark, what vision of Cathay unfolds before us\! A scene of vibrant life, meticulously rendered, purporting to show the diversions of the Imperial Court during the nascent stirrings of the year. This a...",Socio-cultural Interpretation,社会文化解读型,0.24758121371269226,"{'Cross-cultural Influence': {'score': 0.8831632733345032, 'zh': '跨文化影响'}, 'Layout and Structure': {'score': 0.7905691266059875, 'zh': '布局与结构'}, 'Symbolism': {'score': 0.7616166472434998, 'zh': '象征意义'}, 'Spatial Representation': {'score': 0.7396093010902405, 'zh': '空间营造'}, 'Emotional Expression': {'score': 0.708520770072937, 'zh': '情感传递'}, 'Line Quality': {'score': 0.701332688331604, 'zh': '线条质量'}, 'Technique Inheritance & Innovation': {'score': 0.5922280550003052, 'zh': '技法传承与创新'}, 'Genre': {'score': 0.559638500213623, 'zh': '题材选择'}, 'Artistic Conception': {'score': 0.5028867721557617, 'zh': '意境表达'}, 'Style/School': {'score': 0.4125945270061493, 'zh': '风格流派'}, 'Use of Color': {'score': 0.4097903370857239, 'zh': '色彩运用'}, 'Texture Strokes (Chunfa)': {'score': 0.35502806305885315, 'zh': '皴法特点'}, 'Artist Biography': {'score': 0.26011985540390015, 'zh': '画家生平'}, 'Subject Matter': {'score': 0.2403954118490219, 'zh': '主题内容'}, 'Historical Context': {'score': 0.0844702497124672, 'zh': '历史背景'}, 'Ink Application': {'score': 0.04172423109412193, 'zh': '墨法变化'}, 'Brushwork Technique': {'score': 0.0194980651140213, 'zh': '笔法技巧'}}","{'Lacks Examples': {'score': 0.3358597159385681, 'zh': '缺乏具体例证'}, 'Subjective/Biased View': {'score': 0.3115379214286804, 'zh': '观点主观片面'}, 'Profound Insight': {'score': 0.1261734962463379, 'zh': '见解深刻独到'}, 'Objective Viewpoint': {'score': 0.09698186069726944, 'zh': '观点客观公允'}, 'Logical Gaps': {'score': 0.09520681202411652, 'zh': '逻辑存在跳跃'}, 'Overly General Content': {'score': 0.07862257957458496, 'zh': '内容较为宽泛'}, 'Strong Argumentation': {'score': 0.05990653857588768, 'zh': '论证充分有力'}, 'Classical Citations': {'score': 0.04602218046784401, 'zh': '引用经典佐证'}, 'Superficial Treatment': {'score': 0.042718805372714996, 'zh': '论述流于表面'}, 'Detailed Analysis': {'score': 0.021128112450242043, 'zh': '细节分析具体'}, 'Clear Logic': {'score': 0.011630908586084843, 'zh': '逻辑清晰严密'}}"
正月(with_Mama_Zola).txt,0,Mama_Zola,"Ah, my child, you bring me images that speak of a different world, a different time, yet the human spirit within them, the desire to capture life, to celebrate, to record, that is a universal language...",Socio-cultural Interpretation,社会文化解读型,0.19672608375549316,"{'Cross-cultural Influence': {'score': 0.850633442401886, 'zh': '跨文化影响'}, 'Use of Color': {'score': 0.784384548664093, 'zh': '色彩运用'}, 'Line Quality': {'score': 0.7701586484909058, 'zh': '线条质量'}, 'Brushwork Technique': {'score': 0.7486617565155029, 'zh': '笔法技巧'}, 'Layout and Structure': {'score': 0.7458593845367432, 'zh': '布局与结构'}, 'Artistic Conception': {'score': 0.6549131870269775, 'zh': '意境表达'}, 'Genre': {'score': 0.5867684483528137, 'zh': '题材选择'}, 'Symbolism': {'score': 0.5399684309959412, 'zh': '象征意义'}, 'Emotional Expression': {'score': 0.4974764585494995, 'zh': '情感传递'}, 'Spatial Representation': {'score': 0.43690288066864014, 'zh': '空间营造'}, 'Historical Context': {'score': 0.4074346721172333, 'zh': '历史背景'}, 'Subject Matter': {'score': 0.3985077738761902, 'zh': '主题内容'}, 'Technique Inheritance & Innovation': {'score': 0.3866529166698456, 'zh': '技法传承与创新'}, 'Style/School': {'score': 0.2778308391571045, 'zh': '风格流派'}, 'Texture Strokes (Chunfa)': {'score': 0.2703368067741394, 'zh': '皴法特点'}, 'Artist Biography': {'score': 0.2536293566226959, 'zh': '画家生平'}, 'Ink Application': {'score': 0.04553893208503723, 'zh': '墨法变化'}}","{'Logical Gaps': {'score': 0.3506995737552643, 'zh': '逻辑存在跳跃'}, 'Profound Insight': {'score': 0.3177587389945984, 'zh': '见解深刻独到'}, 'Objective Viewpoint': {'score': 0.30816709995269775, 'zh': '观点客观公允'}, 'Clear Logic': {'score': 0.28535914421081543, 'zh': '逻辑清晰严密'}, 'Superficial Treatment': {'score': 0.2614094018936157, 'zh': '论述流于表面'}, 'Classical Citations': {'score': 0.19104444980621338, 'zh': '引用经典佐证'}, 'Detailed Analysis': {'score': 0.1790374368429184, 'zh': '细节分析具体'}, 'Strong Argumentation': {'score': 0.17572306096553802, 'zh': '论证充分有力'}, 'Overly General Content': {'score': 0.16533039510250092, 'zh': '内容较为宽泛'}, 'Subjective/Biased View': {'score': 0.15428921580314636, 'zh': '观点主观片面'}, 'Lacks Examples': {'score': 0.14605332911014557, 'zh': '缺乏具体例证'}}"
正月(with_Okakura_Kakuzo).txt,0,Okakura_Kakuzo,"Ah, we are presented with a glimpse into the opulent heart of the Qing court, a segment from what I understand to be the ""Twelve Months Paintings,"" specifically depicting the festivities of the First ...",Socio-cultural Interpretation,社会文化解读型,0.3011174201965332,"{'Layout and Structure': {'score': 0.9199610352516174, 'zh': '布局与结构'}, 'Brushwork Technique': {'score': 0.8505101203918457, 'zh': '笔法技巧'}, 'Cross-cultural Influence': {'score': 0.8281713128089905, 'zh': '跨文化影响'}, 'Line Quality': {'score': 0.8270817399024963, 'zh': '线条质量'}, 'Spatial Representation': {'score': 0.6048029661178589, 'zh': '空间营造'}, 'Technique Inheritance & Innovation': {'score': 0.5794346928596497, 'zh': '技法传承与创新'}, 'Use of Color': {'score': 0.5130378007888794, 'zh': '色彩运用'}, 'Symbolism': {'score': 0.4960452914237976, 'zh': '象征意义'}, 'Genre': {'score': 0.44782307744026184, 'zh': '题材选择'}, 'Style/School': {'score': 0.4127355217933655, 'zh': '风格流派'}, 'Emotional Expression': {'score': 0.4070802927017212, 'zh': '情感传递'}, 'Subject Matter': {'score': 0.2459702044725418, 'zh': '主题内容'}, 'Texture Strokes (Chunfa)': {'score': 0.22558024525642395, 'zh': '皴法特点'}, 'Artistic Conception': {'score': 0.2239755392074585, 'zh': '意境表达'}, 'Historical Context': {'score': 0.09375353157520294, 'zh': '历史背景'}, 'Artist Biography': {'score': 0.07865963131189346, 'zh': '画家生平'}, 'Ink Application': {'score': 0.016925634816288948, 'zh': '墨法变化'}}","{'Logical Gaps': {'score': 0.26207688450813293, 'zh': '逻辑存在跳跃'}, 'Subjective/Biased View': {'score': 0.24130436778068542, 'zh': '观点主观片面'}, 'Lacks Examples': {'score': 0.23590542376041412, 'zh': '缺乏具体例证'}, 'Clear Logic': {'score': 0.08040802925825119, 'zh': '逻辑清晰严密'}, 'Profound Insight': {'score': 0.07352679967880249, 'zh': '见解深刻独到'}, 'Strong Argumentation': {'score': 0.054504819214344025, 'zh': '论证充分有力'}, 'Overly General Content': {'score': 0.037162527441978455, 'zh': '内容较为宽泛'}, 'Superficial Treatment': {'score': 0.03161914274096489, 'zh': '论述流于表面'}, 'Objective Viewpoint': {'score': 0.03006809949874878, 'zh': '观点客观公允'}, 'Classical Citations': {'score': 0.02528778649866581, 'zh': '引用经典佐证'}, 'Detailed Analysis': {'score': 0.01169657427817583, 'zh': '细节分析具体'}}"
正月(with_Professor_Elena_Petrova).txt,0,Professor_Elena_Petrova,"The artwork presented, a segment from the ""Twelve Months Paintings"" series, specifically depicting the activities of the ""First Month"" (正月) within the Qing court, attributed to the hand of Giuseppe Ca...",High Praise,高度赞扬与推崇,0.19113528728485107,"{'Layout and Structure': {'score': 0.9603654146194458, 'zh': '布局与结构'}, 'Brushwork Technique': {'score': 0.9173699021339417, 'zh': '笔法技巧'}, 'Line Quality': {'score': 0.887717604637146, 'zh': '线条质量'}, 'Spatial Representation': {'score': 0.8344196081161499, 'zh': '空间营造'}, 'Subject Matter': {'score': 0.8248786926269531, 'zh': '主题内容'}, 'Cross-cultural Influence': {'score': 0.7580092549324036, 'zh': '跨文化影响'}, 'Technique Inheritance & Innovation': {'score': 0.7079721093177795, 'zh': '技法传承与创新'}, 'Use of Color': {'score': 0.697857677936554, 'zh': '色彩运用'}, 'Texture Strokes (Chunfa)': {'score': 0.6853999495506287, 'zh': '皴法特点'}, 'Emotional Expression': {'score': 0.6486181020736694, 'zh': '情感传递'}, 'Artistic Conception': {'score': 0.6483603119850159, 'zh': '意境表达'}, 'Style/School': {'score': 0.6310812830924988, 'zh': '风格流派'}, 'Genre': {'score': 0.6294066905975342, 'zh': '题材选择'}, 'Symbolism': {'score': 0.5935145616531372, 'zh': '象征意义'}, 'Historical Context': {'score': 0.2507774531841278, 'zh': '历史背景'}, 'Artist Biography': {'score': 0.1946423202753067, 'zh': '画家生平'}, 'Ink Application': {'score': 0.011978866532444954, 'zh': '墨法变化'}}","{'Subjective/Biased View': {'score': 0.7390921711921692, 'zh': '观点主观片面'}, 'Logical Gaps': {'score': 0.507519543170929, 'zh': '逻辑存在跳跃'}, 'Profound Insight': {'score': 0.5029265284538269, 'zh': '见解深刻独到'}, 'Lacks Examples': {'score': 0.47205978631973267, 'zh': '缺乏具体例证'}, 'Objective Viewpoint': {'score': 0.34027212858200073, 'zh': '观点客观公允'}, 'Detailed Analysis': {'score': 0.32505255937576294, 'zh': '细节分析具体'}, 'Superficial Treatment': {'score': 0.32159847021102905, 'zh': '论述流于表面'}, 'Strong Argumentation': {'score': 0.25024721026420593, 'zh': '论证充分有力'}, 'Overly General Content': {'score': 0.21575409173965454, 'zh': '内容较为宽泛'}, 'Clear Logic': {'score': 0.1397387534379959, 'zh': '逻辑清晰严密'}, 'Classical Citations': {'score': 0.09817986935377121, 'zh': '引用经典佐证'}}"
正月(with_Su_Shi).txt,0,Su_Shi,"json\n{\n\\u00A0 ""artwork\_identifier"": ""(Optional, if an artwork identifier is provided, please fill it in)"",\n\\u00A0 ""evaluative\_stance"": {\n\\u00A0 \\u00A0 ""primary\_stance"": ""(e.g., Aesthetic Ap...",Aesthetic Appreciation,美学鉴赏型,0.48104360699653625,"{'Brushwork Technique': {'score': 0.9844856858253479, 'zh': '笔法技巧'}, 'Artistic Conception': {'score': 0.975593090057373, 'zh': '意境表达'}, 'Use of Color': {'score': 0.13541443645954132, 'zh': '色彩运用'}, 'Historical Context': {'score': 0.12398791313171387, 'zh': '历史背景'}, 'Texture Strokes (Chunfa)': {'score': 0.07719577103853226, 'zh': '皴法特点'}, 'Line Quality': {'score': 0.021603018045425415, 'zh': '线条质量'}, 'Cross-cultural Influence': {'score': 0.019853876903653145, 'zh': '跨文化影响'}, 'Style/School': {'score': 0.016802683472633362, 'zh': '风格流派'}, 'Symbolism': {'score': 0.010653231292963028, 'zh': '象征意义'}, 'Layout and Structure': {'score': 0.006518686655908823, 'zh': '布局与结构'}, 'Emotional Expression': {'score': 0.005816195160150528, 'zh': '情感传递'}, 'Genre': {'score': 0.0045187161304056644, 'zh': '题材选择'}, 'Subject Matter': {'score': 0.002112247748300433, 'zh': '主题内容'}, 'Technique Inheritance & Innovation': {'score': 0.002010743599385023, 'zh': '技法传承与创新'}, 'Artist Biography': {'score': 0.0016925736563280225, 'zh': '画家生平'}, 'Ink Application': {'score': 0.00148593180347234, 'zh': '墨法变化'}, 'Spatial Representation': {'score': 0.0014045409625396132, 'zh': '空间营造'}}","{'Profound Insight': {'score': 0.03200649097561836, 'zh': '见解深刻独到'}, 'Lacks Examples': {'score': 0.012840456329286098, 'zh': '缺乏具体例证'}, 'Detailed Analysis': {'score': 0.00654715858399868, 'zh': '细节分析具体'}, 'Subjective/Biased View': {'score': 0.006377622950822115, 'zh': '观点主观片面'}, 'Strong Argumentation': {'score': 0.004773818887770176, 'zh': '论证充分有力'}, 'Classical Citations': {'score': 0.004454189911484718, 'zh': '引用经典佐证'}, 'Objective Viewpoint': {'score': 0.0021311340387910604, 'zh': '观点客观公允'}, 'Logical Gaps': {'score': 0.001606922596693039, 'zh': '逻辑存在跳跃'}, 'Superficial Treatment': {'score': 0.001445452100597322, 'zh': '论述流于表面'}, 'Overly General Content': {'score': 0.0012078413274139166, 'zh': '内容较为宽泛'}, 'Clear Logic': {'score': 0.0009954706765711308, 'zh': '逻辑清晰严密'}}"
